2025-03-21 14:04:48,844 - WARNING - Not Found: /users/dashboard/path/to/custom-cursor.png
2025-03-23 02:21:42,674 - WARNING - Not Found: /data-warehouse-data-mining-big-data-online-analytical-processing-3d-9c788b2c62630ab06607f08dfe45844d.png
2025-03-23 02:21:42,707 - WARNING - Not Found: /script.js
2025-03-23 02:21:42,756 - WARNING - Not Found: /api/placeholder/200/200
2025-03-23 02:21:42,789 - WARNING - Not Found: /api/placeholder/500/500
2025-03-23 02:21:42,895 - WARNING - Not Found: /api/placeholder/400/300
2025-03-23 02:21:43,283 - WARNING - Not Found: /favicon.ico
2025-03-23 02:21:47,504 - WARNING - Not Found: /api/placeholder/200/200
2025-03-23 02:21:47,510 - WARNING - Not Found: /api/placeholder/500/500
2025-03-23 02:21:47,515 - WARNING - Not Found: /data-warehouse-data-mining-big-data-online-analytical-processing-3d-9c788b2c62630ab06607f08dfe45844d.png
2025-03-23 02:21:48,056 - WARNING - Not Found: /api/placeholder/400/300
2025-03-23 02:21:48,060 - WARNING - Not Found: /script.js
2025-03-23 02:21:48,067 - WARNING - Not Found: /api/placeholder/200/200
2025-03-23 02:21:48,091 - WARNING - Not Found: /api/placeholder/500/500
2025-03-23 02:21:48,098 - WARNING - Not Found: /api/placeholder/400/300
2025-03-23 02:22:59,184 - WARNING - Not Found: /users/dashboard/path/to/custom-cursor.png
2025-03-23 02:23:42,183 - WARNING - Not Found: /users/dashboard/path/to/custom-cursor.png
2025-03-23 02:28:48,664 - ERROR - Internal Server Error: /users/dashboard/
Traceback (most recent call last):
  File "C:\Users\Naman Sharma\Documents\roadmap_pj\env\Lib\site-packages\django\core\handlers\exception.py", line 55, in inner
    response = get_response(request)
               ^^^^^^^^^^^^^^^^^^^^^
  File "C:\Users\Naman Sharma\Documents\roadmap_pj\env\Lib\site-packages\django\core\handlers\base.py", line 197, in _get_response
    response = wrapped_callback(request, *callback_args, **callback_kwargs)
               ^^^^^^^^^^^^^^^^^^^^^^^^^^^^^^^^^^^^^^^^^^^^^^^^^^^^^^^^^^^^
  File "C:\Users\Naman Sharma\Documents\roadmap_pj\env\Lib\site-packages\django\contrib\auth\decorators.py", line 60, in _view_wrapper
    return view_func(request, *args, **kwargs)
           ^^^^^^^^^^^^^^^^^^^^^^^^^^^^^^^^^^^
  File "C:\Users\Naman Sharma\Documents\roadmap_pj\auth_system\users\views.py", line 74, in dashboard_view
    return render(request, "dashboard.html", {"projects": projects})
           ^^^^^^^^^^^^^^^^^^^^^^^^^^^^^^^^^^^^^^^^^^^^^^^^^^^^^^^^^
  File "C:\Users\Naman Sharma\Documents\roadmap_pj\env\Lib\site-packages\django\shortcuts.py", line 25, in render
    content = loader.render_to_string(template_name, context, request, using=using)
              ^^^^^^^^^^^^^^^^^^^^^^^^^^^^^^^^^^^^^^^^^^^^^^^^^^^^^^^^^^^^^^^^^^^^^
  File "C:\Users\Naman Sharma\Documents\roadmap_pj\env\Lib\site-packages\django\template\loader.py", line 62, in render_to_string
    return template.render(context, request)
           ^^^^^^^^^^^^^^^^^^^^^^^^^^^^^^^^^
  File "C:\Users\Naman Sharma\Documents\roadmap_pj\env\Lib\site-packages\django\template\backends\django.py", line 107, in render
    return self.template.render(context)
           ^^^^^^^^^^^^^^^^^^^^^^^^^^^^^
  File "C:\Users\Naman Sharma\Documents\roadmap_pj\env\Lib\site-packages\django\template\base.py", line 171, in render
    return self._render(context)
           ^^^^^^^^^^^^^^^^^^^^^
  File "C:\Users\Naman Sharma\Documents\roadmap_pj\env\Lib\site-packages\django\template\base.py", line 163, in _render
    return self.nodelist.render(context)
           ^^^^^^^^^^^^^^^^^^^^^^^^^^^^^
  File "C:\Users\Naman Sharma\Documents\roadmap_pj\env\Lib\site-packages\django\template\base.py", line 1008, in render
    return SafeString("".join([node.render_annotated(context) for node in self]))
                               ^^^^^^^^^^^^^^^^^^^^^^^^^^^^^^
  File "C:\Users\Naman Sharma\Documents\roadmap_pj\env\Lib\site-packages\django\template\base.py", line 969, in render_annotated
    return self.render(context)
           ^^^^^^^^^^^^^^^^^^^^
  File "C:\Users\Naman Sharma\Documents\roadmap_pj\env\Lib\site-packages\django\template\defaulttags.py", line 480, in render
    url = reverse(view_name, args=args, kwargs=kwargs, current_app=current_app)
          ^^^^^^^^^^^^^^^^^^^^^^^^^^^^^^^^^^^^^^^^^^^^^^^^^^^^^^^^^^^^^^^^^^^^^
  File "C:\Users\Naman Sharma\Documents\roadmap_pj\env\Lib\site-packages\django\urls\base.py", line 88, in reverse
    return resolver._reverse_with_prefix(view, prefix, *args, **kwargs)
           ^^^^^^^^^^^^^^^^^^^^^^^^^^^^^^^^^^^^^^^^^^^^^^^^^^^^^^^^^^^^
  File "C:\Users\Naman Sharma\Documents\roadmap_pj\env\Lib\site-packages\django\urls\resolvers.py", line 831, in _reverse_with_prefix
    raise NoReverseMatch(msg)
django.urls.exceptions.NoReverseMatch: Reverse for 'app' not found. 'app' is not a valid view function or pattern name.
2025-03-23 02:34:07,657 - ERROR - Internal Server Error: /users/dashboard/
Traceback (most recent call last):
  File "C:\Users\Naman Sharma\Documents\roadmap_pj\env\Lib\site-packages\django\core\handlers\exception.py", line 55, in inner
    response = get_response(request)
               ^^^^^^^^^^^^^^^^^^^^^
  File "C:\Users\Naman Sharma\Documents\roadmap_pj\env\Lib\site-packages\django\core\handlers\base.py", line 197, in _get_response
    response = wrapped_callback(request, *callback_args, **callback_kwargs)
               ^^^^^^^^^^^^^^^^^^^^^^^^^^^^^^^^^^^^^^^^^^^^^^^^^^^^^^^^^^^^
  File "C:\Users\Naman Sharma\Documents\roadmap_pj\env\Lib\site-packages\django\contrib\auth\decorators.py", line 60, in _view_wrapper
    return view_func(request, *args, **kwargs)
           ^^^^^^^^^^^^^^^^^^^^^^^^^^^^^^^^^^^
  File "C:\Users\Naman Sharma\Documents\roadmap_pj\auth_system\users\views.py", line 74, in dashboard_view
    return render(request, "dashboard.html", {"projects": projects})
           ^^^^^^^^^^^^^^^^^^^^^^^^^^^^^^^^^^^^^^^^^^^^^^^^^^^^^^^^^
  File "C:\Users\Naman Sharma\Documents\roadmap_pj\env\Lib\site-packages\django\shortcuts.py", line 25, in render
    content = loader.render_to_string(template_name, context, request, using=using)
              ^^^^^^^^^^^^^^^^^^^^^^^^^^^^^^^^^^^^^^^^^^^^^^^^^^^^^^^^^^^^^^^^^^^^^
  File "C:\Users\Naman Sharma\Documents\roadmap_pj\env\Lib\site-packages\django\template\loader.py", line 62, in render_to_string
    return template.render(context, request)
           ^^^^^^^^^^^^^^^^^^^^^^^^^^^^^^^^^
  File "C:\Users\Naman Sharma\Documents\roadmap_pj\env\Lib\site-packages\django\template\backends\django.py", line 107, in render
    return self.template.render(context)
           ^^^^^^^^^^^^^^^^^^^^^^^^^^^^^
  File "C:\Users\Naman Sharma\Documents\roadmap_pj\env\Lib\site-packages\django\template\base.py", line 171, in render
    return self._render(context)
           ^^^^^^^^^^^^^^^^^^^^^
  File "C:\Users\Naman Sharma\Documents\roadmap_pj\env\Lib\site-packages\django\template\base.py", line 163, in _render
    return self.nodelist.render(context)
           ^^^^^^^^^^^^^^^^^^^^^^^^^^^^^
  File "C:\Users\Naman Sharma\Documents\roadmap_pj\env\Lib\site-packages\django\template\base.py", line 1008, in render
    return SafeString("".join([node.render_annotated(context) for node in self]))
                               ^^^^^^^^^^^^^^^^^^^^^^^^^^^^^^
  File "C:\Users\Naman Sharma\Documents\roadmap_pj\env\Lib\site-packages\django\template\base.py", line 969, in render_annotated
    return self.render(context)
           ^^^^^^^^^^^^^^^^^^^^
  File "C:\Users\Naman Sharma\Documents\roadmap_pj\env\Lib\site-packages\django\template\defaulttags.py", line 327, in render
    return nodelist.render(context)
           ^^^^^^^^^^^^^^^^^^^^^^^^
  File "C:\Users\Naman Sharma\Documents\roadmap_pj\env\Lib\site-packages\django\template\base.py", line 1008, in render
    return SafeString("".join([node.render_annotated(context) for node in self]))
                               ^^^^^^^^^^^^^^^^^^^^^^^^^^^^^^
  File "C:\Users\Naman Sharma\Documents\roadmap_pj\env\Lib\site-packages\django\template\base.py", line 969, in render_annotated
    return self.render(context)
           ^^^^^^^^^^^^^^^^^^^^
  File "C:\Users\Naman Sharma\Documents\roadmap_pj\env\Lib\site-packages\django\template\defaulttags.py", line 243, in render
    nodelist.append(node.render_annotated(context))
                    ^^^^^^^^^^^^^^^^^^^^^^^^^^^^^^
  File "C:\Users\Naman Sharma\Documents\roadmap_pj\env\Lib\site-packages\django\template\base.py", line 969, in render_annotated
    return self.render(context)
           ^^^^^^^^^^^^^^^^^^^^
  File "C:\Users\Naman Sharma\Documents\roadmap_pj\env\Lib\site-packages\django\template\defaulttags.py", line 480, in render
    url = reverse(view_name, args=args, kwargs=kwargs, current_app=current_app)
          ^^^^^^^^^^^^^^^^^^^^^^^^^^^^^^^^^^^^^^^^^^^^^^^^^^^^^^^^^^^^^^^^^^^^^
  File "C:\Users\Naman Sharma\Documents\roadmap_pj\env\Lib\site-packages\django\urls\base.py", line 88, in reverse
    return resolver._reverse_with_prefix(view, prefix, *args, **kwargs)
           ^^^^^^^^^^^^^^^^^^^^^^^^^^^^^^^^^^^^^^^^^^^^^^^^^^^^^^^^^^^^
  File "C:\Users\Naman Sharma\Documents\roadmap_pj\env\Lib\site-packages\django\urls\resolvers.py", line 831, in _reverse_with_prefix
    raise NoReverseMatch(msg)
django.urls.exceptions.NoReverseMatch: Reverse for 'app' not found. 'app' is not a valid view function or pattern name.
2025-03-23 02:35:23,059 - WARNING - Unauthorized: /projects/save_project/
2025-03-23 02:37:11,698 - WARNING - Unauthorized: /projects/save_project/
2025-03-23 02:38:29,507 - WARNING - Unauthorized: /projects/save_project/
2025-03-23 02:42:24,455 - ERROR - Internal Server Error: /users/dashboard/
Traceback (most recent call last):
  File "C:\Users\Naman Sharma\Documents\roadmap_pj\env\Lib\site-packages\django\core\handlers\exception.py", line 55, in inner
    response = get_response(request)
               ^^^^^^^^^^^^^^^^^^^^^
  File "C:\Users\Naman Sharma\Documents\roadmap_pj\env\Lib\site-packages\django\core\handlers\base.py", line 197, in _get_response
    response = wrapped_callback(request, *callback_args, **callback_kwargs)
               ^^^^^^^^^^^^^^^^^^^^^^^^^^^^^^^^^^^^^^^^^^^^^^^^^^^^^^^^^^^^
  File "C:\Users\Naman Sharma\Documents\roadmap_pj\env\Lib\site-packages\django\contrib\auth\decorators.py", line 60, in _view_wrapper
    return view_func(request, *args, **kwargs)
           ^^^^^^^^^^^^^^^^^^^^^^^^^^^^^^^^^^^
  File "C:\Users\Naman Sharma\Documents\roadmap_pj\auth_system\users\views.py", line 74, in dashboard_view
    return render(request, "dashboard.html", {"projects": projects})
           ^^^^^^^^^^^^^^^^^^^^^^^^^^^^^^^^^^^^^^^^^^^^^^^^^^^^^^^^^
  File "C:\Users\Naman Sharma\Documents\roadmap_pj\env\Lib\site-packages\django\shortcuts.py", line 25, in render
    content = loader.render_to_string(template_name, context, request, using=using)
              ^^^^^^^^^^^^^^^^^^^^^^^^^^^^^^^^^^^^^^^^^^^^^^^^^^^^^^^^^^^^^^^^^^^^^
  File "C:\Users\Naman Sharma\Documents\roadmap_pj\env\Lib\site-packages\django\template\loader.py", line 62, in render_to_string
    return template.render(context, request)
           ^^^^^^^^^^^^^^^^^^^^^^^^^^^^^^^^^
  File "C:\Users\Naman Sharma\Documents\roadmap_pj\env\Lib\site-packages\django\template\backends\django.py", line 107, in render
    return self.template.render(context)
           ^^^^^^^^^^^^^^^^^^^^^^^^^^^^^
  File "C:\Users\Naman Sharma\Documents\roadmap_pj\env\Lib\site-packages\django\template\base.py", line 171, in render
    return self._render(context)
           ^^^^^^^^^^^^^^^^^^^^^
  File "C:\Users\Naman Sharma\Documents\roadmap_pj\env\Lib\site-packages\django\template\base.py", line 163, in _render
    return self.nodelist.render(context)
           ^^^^^^^^^^^^^^^^^^^^^^^^^^^^^
  File "C:\Users\Naman Sharma\Documents\roadmap_pj\env\Lib\site-packages\django\template\base.py", line 1008, in render
    return SafeString("".join([node.render_annotated(context) for node in self]))
                               ^^^^^^^^^^^^^^^^^^^^^^^^^^^^^^
  File "C:\Users\Naman Sharma\Documents\roadmap_pj\env\Lib\site-packages\django\template\base.py", line 969, in render_annotated
    return self.render(context)
           ^^^^^^^^^^^^^^^^^^^^
  File "C:\Users\Naman Sharma\Documents\roadmap_pj\env\Lib\site-packages\django\template\defaulttags.py", line 480, in render
    url = reverse(view_name, args=args, kwargs=kwargs, current_app=current_app)
          ^^^^^^^^^^^^^^^^^^^^^^^^^^^^^^^^^^^^^^^^^^^^^^^^^^^^^^^^^^^^^^^^^^^^^
  File "C:\Users\Naman Sharma\Documents\roadmap_pj\env\Lib\site-packages\django\urls\base.py", line 88, in reverse
    return resolver._reverse_with_prefix(view, prefix, *args, **kwargs)
           ^^^^^^^^^^^^^^^^^^^^^^^^^^^^^^^^^^^^^^^^^^^^^^^^^^^^^^^^^^^^
  File "C:\Users\Naman Sharma\Documents\roadmap_pj\env\Lib\site-packages\django\urls\resolvers.py", line 831, in _reverse_with_prefix
    raise NoReverseMatch(msg)
django.urls.exceptions.NoReverseMatch: Reverse for 'app' not found. 'app' is not a valid view function or pattern name.
2025-03-23 02:42:35,432 - ERROR - Internal Server Error: /users/dashboard/
Traceback (most recent call last):
  File "C:\Users\Naman Sharma\Documents\roadmap_pj\env\Lib\site-packages\django\core\handlers\exception.py", line 55, in inner
    response = get_response(request)
               ^^^^^^^^^^^^^^^^^^^^^
  File "C:\Users\Naman Sharma\Documents\roadmap_pj\env\Lib\site-packages\django\core\handlers\base.py", line 197, in _get_response
    response = wrapped_callback(request, *callback_args, **callback_kwargs)
               ^^^^^^^^^^^^^^^^^^^^^^^^^^^^^^^^^^^^^^^^^^^^^^^^^^^^^^^^^^^^
  File "C:\Users\Naman Sharma\Documents\roadmap_pj\env\Lib\site-packages\django\contrib\auth\decorators.py", line 60, in _view_wrapper
    return view_func(request, *args, **kwargs)
           ^^^^^^^^^^^^^^^^^^^^^^^^^^^^^^^^^^^
  File "C:\Users\Naman Sharma\Documents\roadmap_pj\auth_system\users\views.py", line 74, in dashboard_view
    return render(request, "dashboard.html", {"projects": projects})
           ^^^^^^^^^^^^^^^^^^^^^^^^^^^^^^^^^^^^^^^^^^^^^^^^^^^^^^^^^
  File "C:\Users\Naman Sharma\Documents\roadmap_pj\env\Lib\site-packages\django\shortcuts.py", line 25, in render
    content = loader.render_to_string(template_name, context, request, using=using)
              ^^^^^^^^^^^^^^^^^^^^^^^^^^^^^^^^^^^^^^^^^^^^^^^^^^^^^^^^^^^^^^^^^^^^^
  File "C:\Users\Naman Sharma\Documents\roadmap_pj\env\Lib\site-packages\django\template\loader.py", line 62, in render_to_string
    return template.render(context, request)
           ^^^^^^^^^^^^^^^^^^^^^^^^^^^^^^^^^
  File "C:\Users\Naman Sharma\Documents\roadmap_pj\env\Lib\site-packages\django\template\backends\django.py", line 107, in render
    return self.template.render(context)
           ^^^^^^^^^^^^^^^^^^^^^^^^^^^^^
  File "C:\Users\Naman Sharma\Documents\roadmap_pj\env\Lib\site-packages\django\template\base.py", line 171, in render
    return self._render(context)
           ^^^^^^^^^^^^^^^^^^^^^
  File "C:\Users\Naman Sharma\Documents\roadmap_pj\env\Lib\site-packages\django\template\base.py", line 163, in _render
    return self.nodelist.render(context)
           ^^^^^^^^^^^^^^^^^^^^^^^^^^^^^
  File "C:\Users\Naman Sharma\Documents\roadmap_pj\env\Lib\site-packages\django\template\base.py", line 1008, in render
    return SafeString("".join([node.render_annotated(context) for node in self]))
                               ^^^^^^^^^^^^^^^^^^^^^^^^^^^^^^
  File "C:\Users\Naman Sharma\Documents\roadmap_pj\env\Lib\site-packages\django\template\base.py", line 969, in render_annotated
    return self.render(context)
           ^^^^^^^^^^^^^^^^^^^^
  File "C:\Users\Naman Sharma\Documents\roadmap_pj\env\Lib\site-packages\django\template\defaulttags.py", line 480, in render
    url = reverse(view_name, args=args, kwargs=kwargs, current_app=current_app)
          ^^^^^^^^^^^^^^^^^^^^^^^^^^^^^^^^^^^^^^^^^^^^^^^^^^^^^^^^^^^^^^^^^^^^^
  File "C:\Users\Naman Sharma\Documents\roadmap_pj\env\Lib\site-packages\django\urls\base.py", line 88, in reverse
    return resolver._reverse_with_prefix(view, prefix, *args, **kwargs)
           ^^^^^^^^^^^^^^^^^^^^^^^^^^^^^^^^^^^^^^^^^^^^^^^^^^^^^^^^^^^^
  File "C:\Users\Naman Sharma\Documents\roadmap_pj\env\Lib\site-packages\django\urls\resolvers.py", line 831, in _reverse_with_prefix
    raise NoReverseMatch(msg)
django.urls.exceptions.NoReverseMatch: Reverse for 'app' not found. 'app' is not a valid view function or pattern name.
2025-03-23 02:42:36,217 - ERROR - Internal Server Error: /users/dashboard/
Traceback (most recent call last):
  File "C:\Users\Naman Sharma\Documents\roadmap_pj\env\Lib\site-packages\django\core\handlers\exception.py", line 55, in inner
    response = get_response(request)
               ^^^^^^^^^^^^^^^^^^^^^
  File "C:\Users\Naman Sharma\Documents\roadmap_pj\env\Lib\site-packages\django\core\handlers\base.py", line 197, in _get_response
    response = wrapped_callback(request, *callback_args, **callback_kwargs)
               ^^^^^^^^^^^^^^^^^^^^^^^^^^^^^^^^^^^^^^^^^^^^^^^^^^^^^^^^^^^^
  File "C:\Users\Naman Sharma\Documents\roadmap_pj\env\Lib\site-packages\django\contrib\auth\decorators.py", line 60, in _view_wrapper
    return view_func(request, *args, **kwargs)
           ^^^^^^^^^^^^^^^^^^^^^^^^^^^^^^^^^^^
  File "C:\Users\Naman Sharma\Documents\roadmap_pj\auth_system\users\views.py", line 74, in dashboard_view
    return render(request, "dashboard.html", {"projects": projects})
           ^^^^^^^^^^^^^^^^^^^^^^^^^^^^^^^^^^^^^^^^^^^^^^^^^^^^^^^^^
  File "C:\Users\Naman Sharma\Documents\roadmap_pj\env\Lib\site-packages\django\shortcuts.py", line 25, in render
    content = loader.render_to_string(template_name, context, request, using=using)
              ^^^^^^^^^^^^^^^^^^^^^^^^^^^^^^^^^^^^^^^^^^^^^^^^^^^^^^^^^^^^^^^^^^^^^
  File "C:\Users\Naman Sharma\Documents\roadmap_pj\env\Lib\site-packages\django\template\loader.py", line 62, in render_to_string
    return template.render(context, request)
           ^^^^^^^^^^^^^^^^^^^^^^^^^^^^^^^^^
  File "C:\Users\Naman Sharma\Documents\roadmap_pj\env\Lib\site-packages\django\template\backends\django.py", line 107, in render
    return self.template.render(context)
           ^^^^^^^^^^^^^^^^^^^^^^^^^^^^^
  File "C:\Users\Naman Sharma\Documents\roadmap_pj\env\Lib\site-packages\django\template\base.py", line 171, in render
    return self._render(context)
           ^^^^^^^^^^^^^^^^^^^^^
  File "C:\Users\Naman Sharma\Documents\roadmap_pj\env\Lib\site-packages\django\template\base.py", line 163, in _render
    return self.nodelist.render(context)
           ^^^^^^^^^^^^^^^^^^^^^^^^^^^^^
  File "C:\Users\Naman Sharma\Documents\roadmap_pj\env\Lib\site-packages\django\template\base.py", line 1008, in render
    return SafeString("".join([node.render_annotated(context) for node in self]))
                               ^^^^^^^^^^^^^^^^^^^^^^^^^^^^^^
  File "C:\Users\Naman Sharma\Documents\roadmap_pj\env\Lib\site-packages\django\template\base.py", line 969, in render_annotated
    return self.render(context)
           ^^^^^^^^^^^^^^^^^^^^
  File "C:\Users\Naman Sharma\Documents\roadmap_pj\env\Lib\site-packages\django\template\defaulttags.py", line 480, in render
    url = reverse(view_name, args=args, kwargs=kwargs, current_app=current_app)
          ^^^^^^^^^^^^^^^^^^^^^^^^^^^^^^^^^^^^^^^^^^^^^^^^^^^^^^^^^^^^^^^^^^^^^
  File "C:\Users\Naman Sharma\Documents\roadmap_pj\env\Lib\site-packages\django\urls\base.py", line 88, in reverse
    return resolver._reverse_with_prefix(view, prefix, *args, **kwargs)
           ^^^^^^^^^^^^^^^^^^^^^^^^^^^^^^^^^^^^^^^^^^^^^^^^^^^^^^^^^^^^
  File "C:\Users\Naman Sharma\Documents\roadmap_pj\env\Lib\site-packages\django\urls\resolvers.py", line 831, in _reverse_with_prefix
    raise NoReverseMatch(msg)
django.urls.exceptions.NoReverseMatch: Reverse for 'app' not found. 'app' is not a valid view function or pattern name.
2025-03-23 02:43:29,581 - WARNING - Not Found: /templates/app.html
2025-03-23 02:43:58,342 - WARNING - Not Found: /app.html
2025-03-23 02:45:11,239 - INFO - C:\Users\Naman Sharma\Documents\roadmap_pj\auth_system\api\urls.py changed, reloading.
2025-03-23 02:45:42,252 - INFO - C:\Users\Naman Sharma\Documents\roadmap_pj\auth_system\api\views.py changed, reloading.
2025-03-23 02:46:49,321 - INFO - C:\Users\Naman Sharma\Documents\roadmap_pj\auth_system\api\views.py changed, reloading.
2025-03-23 02:50:54,331 - WARNING - Not Found: /favicon.ico
2025-03-23 02:52:04,219 - WARNING - Not Found: /data-warehouse-data-mining-big-data-online-analytical-processing-3d-9c788b2c62630ab06607f08dfe45844d.png
2025-03-23 02:52:04,223 - WARNING - Not Found: /api/placeholder/200/200
2025-03-23 02:52:04,226 - WARNING - Not Found: /api/placeholder/500/500
2025-03-23 02:52:04,233 - WARNING - Not Found: /script.js
2025-03-23 02:52:04,236 - WARNING - Not Found: /api/placeholder/400/300
2025-03-23 03:15:54,790 - INFO - C:\Users\Naman Sharma\Documents\roadmap_pj\auth_system\projects\views.py changed, reloading.
2025-03-25 01:21:57,301 - WARNING - Not Found: /data-warehouse-data-mining-big-data-online-analytical-processing-3d-9c788b2c62630ab06607f08dfe45844d.png
2025-03-25 01:21:57,308 - WARNING - Not Found: /api/placeholder/200/200
2025-03-25 01:21:57,312 - WARNING - Not Found: /api/placeholder/500/500
2025-03-25 01:21:57,316 - WARNING - Not Found: /script.js
2025-03-25 01:21:57,322 - WARNING - Not Found: /api/placeholder/400/300
2025-03-25 01:21:57,366 - WARNING - Not Found: /favicon.ico
2025-03-25 01:24:11,299 - ERROR - Internal Server Error: /users/dashboard/
Traceback (most recent call last):
  File "C:\Users\Naman Sharma\Documents\roadmap_pj\env\Lib\site-packages\django\core\handlers\exception.py", line 55, in inner
    response = get_response(request)
               ^^^^^^^^^^^^^^^^^^^^^
  File "C:\Users\Naman Sharma\Documents\roadmap_pj\env\Lib\site-packages\django\core\handlers\base.py", line 197, in _get_response
    response = wrapped_callback(request, *callback_args, **callback_kwargs)
               ^^^^^^^^^^^^^^^^^^^^^^^^^^^^^^^^^^^^^^^^^^^^^^^^^^^^^^^^^^^^
  File "C:\Users\Naman Sharma\Documents\roadmap_pj\env\Lib\site-packages\django\contrib\auth\decorators.py", line 60, in _view_wrapper
    return view_func(request, *args, **kwargs)
           ^^^^^^^^^^^^^^^^^^^^^^^^^^^^^^^^^^^
  File "C:\Users\Naman Sharma\Documents\roadmap_pj\auth_system\users\views.py", line 74, in dashboard_view
    return render(request, "dashboard.html", {"projects": projects})
           ^^^^^^^^^^^^^^^^^^^^^^^^^^^^^^^^^^^^^^^^^^^^^^^^^^^^^^^^^
  File "C:\Users\Naman Sharma\Documents\roadmap_pj\env\Lib\site-packages\django\shortcuts.py", line 25, in render
    content = loader.render_to_string(template_name, context, request, using=using)
              ^^^^^^^^^^^^^^^^^^^^^^^^^^^^^^^^^^^^^^^^^^^^^^^^^^^^^^^^^^^^^^^^^^^^^
  File "C:\Users\Naman Sharma\Documents\roadmap_pj\env\Lib\site-packages\django\template\loader.py", line 62, in render_to_string
    return template.render(context, request)
           ^^^^^^^^^^^^^^^^^^^^^^^^^^^^^^^^^
  File "C:\Users\Naman Sharma\Documents\roadmap_pj\env\Lib\site-packages\django\template\backends\django.py", line 107, in render
    return self.template.render(context)
           ^^^^^^^^^^^^^^^^^^^^^^^^^^^^^
  File "C:\Users\Naman Sharma\Documents\roadmap_pj\env\Lib\site-packages\django\template\base.py", line 171, in render
    return self._render(context)
           ^^^^^^^^^^^^^^^^^^^^^
  File "C:\Users\Naman Sharma\Documents\roadmap_pj\env\Lib\site-packages\django\template\base.py", line 163, in _render
    return self.nodelist.render(context)
           ^^^^^^^^^^^^^^^^^^^^^^^^^^^^^
  File "C:\Users\Naman Sharma\Documents\roadmap_pj\env\Lib\site-packages\django\template\base.py", line 1008, in render
    return SafeString("".join([node.render_annotated(context) for node in self]))
                               ^^^^^^^^^^^^^^^^^^^^^^^^^^^^^^
  File "C:\Users\Naman Sharma\Documents\roadmap_pj\env\Lib\site-packages\django\template\base.py", line 969, in render_annotated
    return self.render(context)
           ^^^^^^^^^^^^^^^^^^^^
  File "C:\Users\Naman Sharma\Documents\roadmap_pj\env\Lib\site-packages\django\template\defaulttags.py", line 480, in render
    url = reverse(view_name, args=args, kwargs=kwargs, current_app=current_app)
          ^^^^^^^^^^^^^^^^^^^^^^^^^^^^^^^^^^^^^^^^^^^^^^^^^^^^^^^^^^^^^^^^^^^^^
  File "C:\Users\Naman Sharma\Documents\roadmap_pj\env\Lib\site-packages\django\urls\base.py", line 88, in reverse
    return resolver._reverse_with_prefix(view, prefix, *args, **kwargs)
           ^^^^^^^^^^^^^^^^^^^^^^^^^^^^^^^^^^^^^^^^^^^^^^^^^^^^^^^^^^^^
  File "C:\Users\Naman Sharma\Documents\roadmap_pj\env\Lib\site-packages\django\urls\resolvers.py", line 831, in _reverse_with_prefix
    raise NoReverseMatch(msg)
django.urls.exceptions.NoReverseMatch: Reverse for 'dev_environment' not found. 'dev_environment' is not a valid view function or pattern name.
2025-03-25 01:28:27,244 - INFO - C:\Users\Naman Sharma\Documents\roadmap_pj\auth_system\projects\views.py changed, reloading.
2025-03-25 01:47:33,045 - WARNING - Not Found: /data-warehouse-data-mining-big-data-online-analytical-processing-3d-9c788b2c62630ab06607f08dfe45844d.png
2025-03-25 01:47:33,056 - WARNING - Not Found: /api/placeholder/200/200
2025-03-25 01:47:33,092 - WARNING - Not Found: /api/placeholder/500/500
2025-03-25 01:47:33,099 - WARNING - Not Found: /script.js
2025-03-25 01:47:33,106 - WARNING - Not Found: /api/placeholder/200/200
2025-03-25 01:47:33,109 - WARNING - Not Found: /api/placeholder/400/300
2025-03-25 01:47:44,382 - ERROR - Internal Server Error: /projects/dev_environment/1/
2025-03-25 01:48:10,471 - WARNING - Unauthorized: /projects/save_project/
2025-03-25 01:50:12,783 - ERROR - Internal Server Error: /projects/dev_environment/1/
2025-03-25 01:51:13,552 - INFO - C:\Users\Naman Sharma\Documents\roadmap_pj\auth_system\projects\views.py changed, reloading.
2025-03-25 01:52:10,521 - WARNING - Not Found: /projects/save_code/
2025-03-25 01:55:19,879 - INFO - C:\Users\Naman Sharma\Documents\roadmap_pj\auth_system\projects\views.py changed, reloading.
2025-03-25 01:55:36,283 - INFO - C:\Users\Naman Sharma\Documents\roadmap_pj\auth_system\projects\urls.py changed, reloading.
2025-03-25 01:56:50,985 - WARNING - Not Found: /projects/
2025-03-25 09:58:38,870 - WARNING - Not Found: /api/placeholder/200/200
2025-03-25 09:58:38,878 - WARNING - Not Found: /api/placeholder/500/500
2025-03-25 09:58:38,889 - WARNING - Not Found: /data-warehouse-data-mining-big-data-online-analytical-processing-3d-9c788b2c62630ab06607f08dfe45844d.png
2025-03-25 09:58:38,945 - WARNING - Not Found: /api/placeholder/400/300
2025-03-25 09:58:38,957 - WARNING - Not Found: /api/placeholder/200/200
2025-03-25 09:58:38,966 - WARNING - Not Found: /script.js
2025-03-25 09:58:39,750 - WARNING - Not Found: /api/placeholder/500/500
2025-03-25 09:58:39,758 - WARNING - Not Found: /api/placeholder/400/300
2025-03-25 09:58:40,627 - WARNING - Not Found: /favicon.ico
2025-03-25 09:58:44,506 - WARNING - Not Found: /data-warehouse-data-mining-big-data-online-analytical-processing-3d-9c788b2c62630ab06607f08dfe45844d.png
2025-03-25 09:58:44,514 - WARNING - Not Found: /api/placeholder/200/200
2025-03-25 09:58:44,681 - WARNING - Not Found: /api/placeholder/500/500
2025-03-25 09:58:44,693 - WARNING - Not Found: /script.js
2025-03-25 09:58:44,700 - WARNING - Not Found: /api/placeholder/400/300
2025-03-25 13:04:32,952 - WARNING - Not Found: /script.js
2025-03-25 13:04:32,968 - WARNING - Not Found: /data-warehouse-data-mining-big-data-online-analytical-processing-3d-9c788b2c62630ab06607f08dfe45844d.png
2025-03-25 13:04:32,969 - WARNING - Not Found: /api/placeholder/400/300
2025-03-25 13:04:32,976 - WARNING - Not Found: /api/placeholder/500/500
2025-03-25 13:04:32,993 - WARNING - Not Found: /api/placeholder/200/200
2025-03-25 13:04:33,229 - WARNING - Not Found: /favicon.ico
2025-03-25 13:32:16,190 - WARNING - Not Found: /api/placeholder/200/200
2025-03-25 13:32:16,190 - WARNING - Not Found: /data-warehouse-data-mining-big-data-online-analytical-processing-3d-9c788b2c62630ab06607f08dfe45844d.png
2025-03-25 13:32:16,209 - WARNING - Not Found: /api/placeholder/500/500
2025-03-25 13:32:16,209 - WARNING - Not Found: /api/placeholder/400/300
2025-03-25 13:32:16,222 - WARNING - Not Found: /script.js
2025-03-25 13:42:57,809 - WARNING - Not Found: /data-warehouse-data-mining-big-data-online-analytical-processing-3d-9c788b2c62630ab06607f08dfe45844d.png
2025-03-25 13:42:57,818 - WARNING - Not Found: /api/placeholder/200/200
2025-03-25 13:42:57,863 - WARNING - Not Found: /api/placeholder/500/500
2025-03-25 13:42:57,867 - WARNING - Not Found: /script.js
2025-03-25 13:42:57,875 - WARNING - Not Found: /api/placeholder/400/300
2025-03-25 13:42:57,884 - WARNING - Not Found: /api/placeholder/200/200
2025-03-25 14:09:58,935 - WARNING - Not Found: /data-warehouse-data-mining-big-data-online-analytical-processing-3d-9c788b2c62630ab06607f08dfe45844d.png
2025-03-25 14:09:58,955 - WARNING - Not Found: /api/placeholder/200/200
2025-03-25 14:09:58,967 - WARNING - Not Found: /api/placeholder/500/500
2025-03-25 14:09:58,982 - WARNING - Not Found: /api/placeholder/400/300
2025-03-25 14:09:58,999 - WARNING - Not Found: /script.js
2025-03-25 14:10:00,641 - WARNING - Not Found: /data-warehouse-data-mining-big-data-online-analytical-processing-3d-9c788b2c62630ab06607f08dfe45844d.png
2025-03-25 14:10:00,647 - WARNING - Not Found: /api/placeholder/200/200
2025-03-25 14:10:01,366 - WARNING - Not Found: /api/placeholder/500/500
2025-03-25 14:10:01,378 - WARNING - Not Found: /script.js
2025-03-25 14:10:01,394 - WARNING - Not Found: /api/placeholder/400/300
2025-03-25 14:10:01,410 - WARNING - Not Found: /api/placeholder/500/500
2025-03-25 14:10:01,423 - WARNING - Not Found: /api/placeholder/200/200
2025-03-25 14:10:01,439 - WARNING - Not Found: /api/placeholder/400/300
2025-03-25 14:10:01,649 - WARNING - Not Found: /favicon.ico
2025-03-26 12:51:44,678 - WARNING - Not Found: /api/placeholder/200/200
2025-03-26 12:51:44,692 - WARNING - Not Found: /api/placeholder/400/300
2025-03-26 12:51:44,696 - WARNING - Not Found: /script.js
2025-03-26 12:51:44,703 - WARNING - Not Found: /api/placeholder/500/500
2025-03-26 12:51:54,564 - WARNING - Not Found: /favicon.ico
2025-03-26 13:16:12,493 - WARNING - Not Found: /api/placeholder/400/300
2025-03-26 13:16:12,497 - WARNING - Not Found: /api/placeholder/500/500
2025-03-26 13:16:12,501 - WARNING - Not Found: /api/placeholder/200/200
2025-03-26 13:16:12,509 - WARNING - Not Found: /script.js
2025-03-27 01:18:08,166 - WARNING - Not Found: /api/placeholder/500/500
2025-03-27 01:18:08,168 - WARNING - Not Found: /api/placeholder/200/200
2025-03-27 01:18:08,171 - WARNING - Not Found: /api/placeholder/400/300
2025-03-27 01:18:08,178 - WARNING - Not Found: /script.js
2025-03-27 01:18:09,142 - WARNING - Not Found: /favicon.ico
2025-03-27 01:18:39,315 - ERROR - Internal Server Error: /users/register/
Traceback (most recent call last):
  File "C:\Users\Naman Sharma\Documents\roadmap_pj\env\Lib\site-packages\django\core\handlers\exception.py", line 55, in inner
    response = get_response(request)
               ^^^^^^^^^^^^^^^^^^^^^
  File "C:\Users\Naman Sharma\Documents\roadmap_pj\env\Lib\site-packages\django\core\handlers\base.py", line 197, in _get_response
    response = wrapped_callback(request, *callback_args, **callback_kwargs)
               ^^^^^^^^^^^^^^^^^^^^^^^^^^^^^^^^^^^^^^^^^^^^^^^^^^^^^^^^^^^^
  File "C:\Users\Naman Sharma\Documents\roadmap_pj\auth_system\users\views.py", line 15, in register_view
    login(request, user, backend=backend)  # \u2705 Specify the backend
    ^^^^^^^^^^^^^^^^^^^^^^^^^^^^^^^^^^^^^
  File "C:\Users\Naman Sharma\Documents\roadmap_pj\env\Lib\site-packages\django\contrib\auth\__init__.py", line 142, in login
    raise TypeError(
TypeError: backend must be a dotted import path string (got <django.contrib.auth.backends.ModelBackend object at 0x000002162F3A08C0>).
2025-03-27 01:19:21,191 - INFO - C:\Users\Naman Sharma\Documents\roadmap_pj\auth_system\users\views.py changed, reloading.
2025-03-27 01:24:30,021 - WARNING - Unauthorized: /projects/save_project/
2025-03-27 01:26:51,411 - INFO - C:\Users\Naman Sharma\Documents\roadmap_pj\auth_system\users\views.py changed, reloading.
2025-03-27 01:27:43,410 - WARNING - Unauthorized: /projects/save_project/
2025-03-27 01:28:14,139 - WARNING - Not Found: /api/placeholder/200/200
2025-03-27 01:28:14,147 - WARNING - Not Found: /api/placeholder/500/500
2025-03-27 01:28:14,155 - WARNING - Not Found: /api/placeholder/400/300
2025-03-27 01:28:14,160 - WARNING - Not Found: /script.js
2025-03-27 01:28:34,145 - WARNING - Not Found: /dashboard/
2025-03-27 01:29:14,188 - INFO - C:\Users\Naman Sharma\Documents\roadmap_pj\auth_system\auth_system\urls.py changed, reloading.
2025-03-27 01:29:26,936 - INFO - C:\Users\Naman Sharma\Documents\roadmap_pj\auth_system\users\urls.py changed, reloading.
2025-03-27 01:35:22,416 - WARNING - Forbidden (CSRF token from POST incorrect.): /users/login/
2025-03-27 01:35:25,117 - WARNING - Forbidden (CSRF token from POST incorrect.): /users/login/
2025-03-27 01:51:33,467 - WARNING - Not Found: /users/dashboard/
2025-03-27 01:51:36,910 - WARNING - Not Found: /users/dashboard/
2025-03-27 01:51:37,696 - WARNING - Not Found: /users/dashboard/
2025-03-27 01:51:38,380 - WARNING - Not Found: /users/dashboard/
2025-03-27 01:51:38,728 - WARNING - Not Found: /users/dashboard/
2025-03-27 01:51:39,030 - WARNING - Not Found: /users/dashboard/
2025-03-27 01:51:39,301 - WARNING - Not Found: /users/dashboard/
2025-03-27 01:51:39,553 - WARNING - Not Found: /users/dashboard/
2025-03-27 01:52:52,626 - WARNING - Forbidden (CSRF token from POST incorrect.): /users/login/
2025-03-27 01:56:08,318 - WARNING - Not Found: /users/dashboard/
2025-03-27 02:30:39,526 - WARNING - Not Found: /api/placeholder/200/200
2025-03-27 02:30:39,562 - WARNING - Not Found: /api/placeholder/500/500
2025-03-27 02:30:39,572 - WARNING - Not Found: /script.js
2025-03-27 02:30:39,578 - WARNING - Not Found: /api/placeholder/400/300
2025-03-27 02:30:39,587 - WARNING - Not Found: /api/placeholder/200/200
2025-03-27 02:31:03,145 - WARNING - Bad Request: /users/register/
2025-03-27 02:31:18,162 - WARNING - Bad Request: /users/register/
2025-03-27 02:41:48,855 - WARNING - Not Found: /api/placeholder/200/200
2025-03-27 02:41:48,865 - WARNING - Not Found: /api/placeholder/500/500
2025-03-27 02:41:48,868 - WARNING - Not Found: /api/placeholder/400/300
2025-03-27 02:41:48,873 - WARNING - Not Found: /script.js
2025-03-27 02:42:48,495 - WARNING - Not Found: /api/placeholder/200/200
2025-03-27 02:42:48,501 - WARNING - Not Found: /api/placeholder/400/300
2025-03-27 02:42:48,506 - WARNING - Not Found: /api/placeholder/500/500
2025-03-27 02:42:48,512 - WARNING - Not Found: /script.js
2025-03-27 02:47:24,637 - WARNING - Not Found: /api/placeholder/200/200
2025-03-27 02:47:24,648 - WARNING - Not Found: /api/placeholder/500/500
2025-03-27 02:47:24,656 - WARNING - Not Found: /api/placeholder/400/300
2025-03-27 02:47:24,661 - WARNING - Not Found: /script.js
2025-03-27 10:25:01,065 - WARNING - Not Found: /script.js
2025-03-27 10:25:01,075 - WARNING - Not Found: /api/placeholder/200/200
2025-03-27 10:25:01,080 - WARNING - Not Found: /api/placeholder/500/500
2025-03-27 10:25:01,088 - WARNING - Not Found: /api/placeholder/400/300
2025-03-27 10:25:01,198 - WARNING - Not Found: /favicon.ico
2025-03-27 11:12:04,983 - WARNING - Not Found: /api/placeholder/200/200
2025-03-27 11:12:04,987 - WARNING - Not Found: /api/placeholder/400/300
2025-03-27 11:12:04,997 - WARNING - Not Found: /script.js
2025-03-27 11:12:05,004 - WARNING - Not Found: /api/placeholder/500/500
2025-03-27 11:15:03,381 - WARNING - Not Found: /api/placeholder/200/200
2025-03-27 11:15:03,386 - WARNING - Not Found: /api/placeholder/500/500
2025-03-27 11:15:03,466 - WARNING - Not Found: /script.js
2025-03-27 11:15:03,478 - WARNING - Not Found: /api/placeholder/400/300
2025-03-27 11:15:03,488 - WARNING - Not Found: /api/placeholder/200/200
2025-03-27 11:15:03,502 - WARNING - Not Found: /api/placeholder/500/500
2025-03-27 11:15:03,618 - WARNING - Not Found: /api/placeholder/200/200
2025-03-27 11:15:03,632 - WARNING - Not Found: /api/placeholder/500/500
2025-03-27 11:15:03,689 - WARNING - Not Found: /script.js
2025-03-27 11:15:03,697 - WARNING - Not Found: /api/placeholder/400/300
2025-03-27 11:15:03,711 - WARNING - Not Found: /api/placeholder/200/200
2025-03-27 11:15:03,720 - WARNING - Not Found: /api/placeholder/500/500
2025-03-27 11:15:03,864 - WARNING - Not Found: /api/placeholder/200/200
2025-03-27 11:15:03,876 - WARNING - Not Found: /api/placeholder/500/500
2025-03-27 11:15:03,959 - WARNING - Not Found: /script.js
2025-03-27 11:15:03,978 - WARNING - Not Found: /api/placeholder/400/300
2025-03-27 11:15:03,987 - WARNING - Not Found: /api/placeholder/500/500
2025-03-27 11:15:03,997 - WARNING - Not Found: /api/placeholder/200/200
2025-03-27 11:29:07,684 - WARNING - Not Found: /api/placeholder/200/200
2025-03-27 11:29:07,690 - WARNING - Not Found: /api/placeholder/500/500
2025-03-27 11:29:07,698 - WARNING - Not Found: /script.js
2025-03-27 11:29:07,706 - WARNING - Not Found: /api/placeholder/400/300
2025-03-27 11:32:19,671 - WARNING - Not Found: /api/placeholder/200/200
2025-03-27 11:32:19,690 - WARNING - Not Found: /api/placeholder/500/500
2025-03-27 11:32:19,914 - WARNING - Not Found: /script.js
2025-03-27 11:32:19,921 - WARNING - Not Found: /api/placeholder/400/300
2025-03-27 11:32:19,934 - WARNING - Not Found: /api/placeholder/200/200
2025-03-27 11:32:19,944 - WARNING - Not Found: /api/placeholder/500/500
2025-03-27 11:53:09,396 - WARNING - Not Found: /api/placeholder/200/200
2025-03-27 11:53:09,435 - WARNING - Not Found: /api/placeholder/500/500
2025-03-27 11:53:09,585 - WARNING - Not Found: /script.js
2025-03-27 11:53:09,590 - WARNING - Not Found: /api/placeholder/400/300
2025-03-27 11:53:09,606 - WARNING - Not Found: /api/placeholder/200/200
2025-03-27 11:53:09,611 - WARNING - Not Found: /api/placeholder/500/500
2025-03-27 11:59:16,814 - WARNING - Bad Request: /users/register/
2025-03-27 11:59:27,394 - WARNING - Bad Request: /users/register/
2025-03-28 13:59:42,964 - WARNING - Not Found: /script.js
2025-03-28 13:59:42,968 - WARNING - Not Found: /api/placeholder/200/200
2025-03-28 13:59:42,972 - WARNING - Not Found: /api/placeholder/500/500
2025-03-28 13:59:42,985 - WARNING - Not Found: /api/placeholder/400/300
2025-03-28 13:59:43,075 - WARNING - Not Found: /favicon.ico
2025-03-28 14:36:30,154 - WARNING - Not Found: /api/placeholder/200/200
2025-03-28 14:36:30,159 - WARNING - Not Found: /api/placeholder/500/500
2025-03-28 14:36:30,164 - WARNING - Not Found: /api/placeholder/400/300
2025-03-28 14:36:30,170 - WARNING - Not Found: /script.js
2025-03-28 14:38:50,304 - WARNING - Not Found: /api/placeholder/200/200
2025-03-28 14:38:50,311 - WARNING - Not Found: /api/placeholder/500/500
2025-03-28 14:38:50,318 - WARNING - Not Found: /api/placeholder/400/300
2025-03-28 14:38:50,323 - WARNING - Not Found: /script.js
2025-03-28 14:39:20,525 - WARNING - Unauthorized: /projects/save_code/
2025-03-28 14:39:22,247 - WARNING - Unauthorized: /projects/save_code/
2025-03-28 14:39:23,458 - WARNING - Unauthorized: /projects/run_code/
2025-03-29 01:51:37,616 - WARNING - Not Found: /api/placeholder/400/300
2025-03-29 01:51:37,623 - WARNING - Not Found: /script.js
2025-03-29 01:51:37,625 - WARNING - Not Found: /api/placeholder/200/200
2025-03-29 01:51:37,627 - WARNING - Not Found: /api/placeholder/500/500
2025-03-29 01:51:39,214 - WARNING - Not Found: /favicon.ico
2025-03-29 09:44:11,949 - WARNING - Not Found: /api/placeholder/400/300
2025-03-29 09:44:11,953 - WARNING - Not Found: /api/placeholder/500/500
2025-03-29 09:44:11,954 - WARNING - Not Found: /script.js
2025-03-29 09:44:11,967 - WARNING - Not Found: /api/placeholder/200/200
2025-03-29 09:44:12,185 - WARNING - Not Found: /favicon.ico
2025-03-29 09:49:17,033 - WARNING - Not Found: /api/placeholder/200/200
2025-03-29 09:49:17,136 - WARNING - Not Found: /api/placeholder/500/500
2025-03-29 09:49:17,147 - WARNING - Not Found: /script.js
2025-03-29 09:49:17,160 - WARNING - Not Found: /api/placeholder/400/300
2025-03-29 09:49:17,169 - WARNING - Not Found: /api/placeholder/200/200
2025-03-29 09:57:21,099 - WARNING - Unauthorized: /projects/save_code/
2025-03-29 09:57:23,072 - WARNING - Unauthorized: /projects/save_code/
2025-03-29 09:57:28,148 - WARNING - Unauthorized: /projects/save_code/
2025-03-29 09:58:10,419 - WARNING - Unauthorized: /projects/save_code/
2025-03-29 09:58:12,284 - WARNING - Unauthorized: /projects/run_code/
2025-03-29 09:58:46,383 - WARNING - Unauthorized: /projects/save_code/
2025-03-29 09:58:54,998 - WARNING - Unauthorized: /projects/save_code/
2025-03-29 09:58:57,584 - WARNING - Unauthorized: /projects/save_code/
2025-03-29 09:59:00,347 - WARNING - Unauthorized: /projects/run_code/
2025-03-29 09:59:28,083 - WARNING - Unauthorized: /projects/save_code/
2025-03-29 09:59:29,696 - WARNING - Unauthorized: /projects/run_code/
2025-03-29 09:59:39,019 - WARNING - Unauthorized: /projects/save_code/
2025-03-29 10:07:10,382 - WARNING - Not Found: /api/placeholder/200/200
2025-03-29 10:07:10,392 - WARNING - Not Found: /api/placeholder/500/500
2025-03-29 10:07:10,402 - WARNING - Not Found: /api/placeholder/400/300
2025-03-29 10:07:10,411 - WARNING - Not Found: /script.js
2025-03-29 10:18:23,350 - WARNING - Not Found: /api/placeholder/200/200
2025-03-29 10:18:23,364 - WARNING - Not Found: /api/placeholder/500/500
2025-03-29 10:18:23,379 - WARNING - Not Found: /script.js
2025-03-29 10:18:23,389 - WARNING - Not Found: /api/placeholder/400/300
2025-03-29 10:41:55,880 - WARNING - Not Found: /api/placeholder/200/200
2025-03-29 10:41:55,954 - WARNING - Not Found: /api/placeholder/500/500
2025-03-29 10:41:55,961 - WARNING - Not Found: /script.js
2025-03-29 10:41:55,968 - WARNING - Not Found: /api/placeholder/400/300
2025-03-29 10:41:55,978 - WARNING - Not Found: /api/placeholder/200/200
2025-03-29 10:46:47,579 - WARNING - Not Found: /api/placeholder/200/200
2025-03-29 10:46:47,653 - WARNING - Not Found: /api/placeholder/500/500
2025-03-29 10:46:47,659 - WARNING - Not Found: /api/placeholder/400/300
2025-03-29 10:46:47,662 - WARNING - Not Found: /script.js
2025-03-29 10:46:47,678 - WARNING - Not Found: /api/placeholder/200/200
2025-03-29 10:52:03,989 - WARNING - Not Found: /api/placeholder/200/200
2025-03-29 10:52:04,026 - WARNING - Not Found: /api/placeholder/500/500
2025-03-29 10:52:04,034 - WARNING - Not Found: /script.js
2025-03-29 10:52:04,035 - WARNING - Not Found: /api/placeholder/400/300
2025-03-29 10:52:04,048 - WARNING - Not Found: /api/placeholder/200/200
2025-03-29 11:08:08,199 - WARNING - Unauthorized: /projects/save_code/
2025-03-29 11:08:11,073 - WARNING - Unauthorized: /projects/save_code/
2025-04-01 02:00:54,502 - WARNING - Not Found: /api/placeholder/200/200
2025-04-01 02:00:54,505 - WARNING - Not Found: /api/placeholder/500/500
2025-04-01 02:00:54,505 - WARNING - Not Found: /api/placeholder/400/300
2025-04-01 02:00:54,510 - WARNING - Not Found: /script.js
2025-04-01 02:00:54,649 - WARNING - Not Found: /favicon.ico
2025-04-01 14:22:07,482 - WARNING - Not Found: /script.js
2025-04-01 14:22:07,487 - WARNING - Not Found: /api/placeholder/400/300
2025-04-01 14:22:07,499 - WARNING - Not Found: /api/placeholder/200/200
2025-04-01 14:22:07,500 - WARNING - Not Found: /api/placeholder/500/500
2025-04-01 14:22:07,722 - WARNING - Not Found: /favicon.ico
2025-04-01 23:47:19,992 - WARNING - Not Found: /api/placeholder/500/500
2025-04-01 23:47:20,004 - WARNING - Not Found: /script.js
2025-04-01 23:47:20,010 - WARNING - Not Found: /api/placeholder/400/300
2025-04-01 23:47:20,012 - WARNING - Not Found: /api/placeholder/200/200
2025-04-01 23:47:20,140 - WARNING - Not Found: /favicon.ico
2025-04-01 23:53:33,675 - WARNING - Not Found: /api/placeholder/200/200
2025-04-01 23:53:33,722 - WARNING - Not Found: /api/placeholder/500/500
2025-04-01 23:53:33,735 - WARNING - Not Found: /script.js
2025-04-01 23:53:33,746 - WARNING - Not Found: /api/placeholder/400/300
2025-04-01 23:53:33,750 - WARNING - Not Found: /api/placeholder/200/200
2025-04-01 23:57:09,079 - WARNING - Not Found: /api/placeholder/200/200
2025-04-01 23:57:09,079 - WARNING - Not Found: /api/placeholder/400/300
2025-04-01 23:57:09,093 - WARNING - Not Found: /api/placeholder/500/500
2025-04-01 23:57:09,105 - WARNING - Not Found: /script.js
2025-04-01 23:57:40,757 - WARNING - Bad Request: /users/register/
2025-04-01 23:59:06,172 - WARNING - Not Found: /api/placeholder/200/200
2025-04-01 23:59:06,186 - WARNING - Not Found: /api/placeholder/500/500
2025-04-01 23:59:06,192 - WARNING - Not Found: /api/placeholder/400/300
2025-04-01 23:59:06,201 - WARNING - Not Found: /script.js
2025-04-02 00:00:21,674 - WARNING - Not Found: /api/placeholder/200/200
2025-04-02 00:00:21,694 - WARNING - Not Found: /api/placeholder/500/500
2025-04-02 00:00:21,707 - WARNING - Not Found: /api/placeholder/400/300
2025-04-02 00:00:21,723 - WARNING - Not Found: /script.js
2025-04-02 00:03:06,038 - WARNING - Not Found: /api/placeholder/200/200
2025-04-02 00:03:06,054 - WARNING - Not Found: /api/placeholder/500/500
2025-04-02 00:03:06,061 - WARNING - Not Found: /script.js
2025-04-02 00:03:06,071 - WARNING - Not Found: /api/placeholder/400/300
2025-04-02 02:04:50,144 - WARNING - Not Found: /api/placeholder/200/200
2025-04-02 02:04:50,156 - WARNING - Not Found: /api/placeholder/500/500
2025-04-02 02:04:50,162 - WARNING - Not Found: /api/placeholder/400/300
2025-04-02 02:04:50,172 - WARNING - Not Found: /script.js
2025-04-02 02:07:15,398 - WARNING - Unauthorized: /projects/save_code/
2025-04-02 02:07:16,514 - WARNING - Unauthorized: /projects/save_code/
2025-04-02 02:07:18,801 - WARNING - Unauthorized: /projects/save_code/
2025-04-02 02:07:19,873 - WARNING - Unauthorized: /projects/run_code/
2025-04-02 02:07:25,806 - WARNING - Unauthorized: /projects/run_code/
2025-04-02 11:05:03,309 - WARNING - Not Found: /api/placeholder/400/300
2025-04-02 11:05:03,312 - WARNING - Not Found: /script.js
2025-04-02 11:05:03,322 - WARNING - Not Found: /api/placeholder/200/200
2025-04-02 11:05:03,325 - WARNING - Not Found: /api/placeholder/500/500
2025-04-02 11:05:05,216 - WARNING - Not Found: /favicon.ico
2025-04-03 17:20:17,782 - WARNING - Not Found: /api/placeholder/200/200
2025-04-03 17:20:17,787 - WARNING - Not Found: /api/placeholder/500/500
2025-04-03 17:20:17,807 - WARNING - Not Found: /script.js
2025-04-03 17:20:17,814 - WARNING - Not Found: /api/placeholder/400/300
2025-04-03 17:20:18,858 - WARNING - Not Found: /favicon.ico
2025-04-03 17:21:24,900 - WARNING - Not Found: /users/dashboard/
2025-04-03 17:21:43,403 - WARNING - Forbidden (CSRF token from POST incorrect.): /users/login/
2025-04-03 17:28:55,535 - ERROR - Internal Server Error: /users/login/
Traceback (most recent call last):
  File "C:\Users\Naman Sharma\Documents\codeweave\env\Lib\site-packages\django\core\handlers\exception.py", line 55, in inner
    response = get_response(request)
               ^^^^^^^^^^^^^^^^^^^^^
  File "C:\Users\Naman Sharma\Documents\codeweave\env\Lib\site-packages\django\core\handlers\base.py", line 197, in _get_response
    response = wrapped_callback(request, *callback_args, **callback_kwargs)
               ^^^^^^^^^^^^^^^^^^^^^^^^^^^^^^^^^^^^^^^^^^^^^^^^^^^^^^^^^^^^
  File "C:\Users\Naman Sharma\Documents\codeweave\cw_webapp\users\views.py", line 55, in login_view
    return render(request, "login.html", {"form": form})
           ^^^^^^^^^^^^^^^^^^^^^^^^^^^^^^^^^^^^^^^^^^^^^
  File "C:\Users\Naman Sharma\Documents\codeweave\env\Lib\site-packages\django\shortcuts.py", line 25, in render
    content = loader.render_to_string(template_name, context, request, using=using)
              ^^^^^^^^^^^^^^^^^^^^^^^^^^^^^^^^^^^^^^^^^^^^^^^^^^^^^^^^^^^^^^^^^^^^^
  File "C:\Users\Naman Sharma\Documents\codeweave\env\Lib\site-packages\django\template\loader.py", line 62, in render_to_string
    return template.render(context, request)
           ^^^^^^^^^^^^^^^^^^^^^^^^^^^^^^^^^
  File "C:\Users\Naman Sharma\Documents\codeweave\env\Lib\site-packages\django\template\backends\django.py", line 107, in render
    return self.template.render(context)
           ^^^^^^^^^^^^^^^^^^^^^^^^^^^^^
  File "C:\Users\Naman Sharma\Documents\codeweave\env\Lib\site-packages\django\template\base.py", line 171, in render
    return self._render(context)
           ^^^^^^^^^^^^^^^^^^^^^
  File "C:\Users\Naman Sharma\Documents\codeweave\env\Lib\site-packages\django\template\base.py", line 163, in _render
    return self.nodelist.render(context)
           ^^^^^^^^^^^^^^^^^^^^^^^^^^^^^
  File "C:\Users\Naman Sharma\Documents\codeweave\env\Lib\site-packages\django\template\base.py", line 1008, in render
    return SafeString("".join([node.render_annotated(context) for node in self]))
                               ^^^^^^^^^^^^^^^^^^^^^^^^^^^^^^
  File "C:\Users\Naman Sharma\Documents\codeweave\env\Lib\site-packages\django\template\base.py", line 969, in render_annotated
    return self.render(context)
           ^^^^^^^^^^^^^^^^^^^^
  File "C:\Users\Naman Sharma\Documents\codeweave\env\Lib\site-packages\django\template\library.py", line 237, in render
    output = self.func(*resolved_args, **resolved_kwargs)
             ^^^^^^^^^^^^^^^^^^^^^^^^^^^^^^^^^^^^^^^^^^^^
  File "C:\Users\Naman Sharma\Documents\codeweave\env\Lib\site-packages\allauth\socialaccount\templatetags\socialaccount.py", line 21, in provider_login_url
    provider = adapter.get_provider(request, provider)
               ^^^^^^^^^^^^^^^^^^^^^^^^^^^^^^^^^^^^^^^
  File "C:\Users\Naman Sharma\Documents\codeweave\env\Lib\site-packages\allauth\socialaccount\adapter.py", line 213, in get_provider
    app = self.get_app(request, provider=provider, client_id=client_id)
          ^^^^^^^^^^^^^^^^^^^^^^^^^^^^^^^^^^^^^^^^^^^^^^^^^^^^^^^^^^^^^
  File "C:\Users\Naman Sharma\Documents\codeweave\env\Lib\site-packages\allauth\socialaccount\adapter.py", line 303, in get_app
    raise SocialApp.DoesNotExist()
allauth.socialaccount.models.SocialApp.DoesNotExist
2025-04-03 17:30:50,777 - ERROR - Internal Server Error: /users/login/
Traceback (most recent call last):
  File "C:\Users\Naman Sharma\Documents\codeweave\env\Lib\site-packages\django\core\handlers\exception.py", line 55, in inner
    response = get_response(request)
               ^^^^^^^^^^^^^^^^^^^^^
  File "C:\Users\Naman Sharma\Documents\codeweave\env\Lib\site-packages\django\core\handlers\base.py", line 197, in _get_response
    response = wrapped_callback(request, *callback_args, **callback_kwargs)
               ^^^^^^^^^^^^^^^^^^^^^^^^^^^^^^^^^^^^^^^^^^^^^^^^^^^^^^^^^^^^
  File "C:\Users\Naman Sharma\Documents\codeweave\cw_webapp\users\views.py", line 55, in login_view
    return render(request, "login.html", {"form": form})
           ^^^^^^^^^^^^^^^^^^^^^^^^^^^^^^^^^^^^^^^^^^^^^
  File "C:\Users\Naman Sharma\Documents\codeweave\env\Lib\site-packages\django\shortcuts.py", line 25, in render
    content = loader.render_to_string(template_name, context, request, using=using)
              ^^^^^^^^^^^^^^^^^^^^^^^^^^^^^^^^^^^^^^^^^^^^^^^^^^^^^^^^^^^^^^^^^^^^^
  File "C:\Users\Naman Sharma\Documents\codeweave\env\Lib\site-packages\django\template\loader.py", line 62, in render_to_string
    return template.render(context, request)
           ^^^^^^^^^^^^^^^^^^^^^^^^^^^^^^^^^
  File "C:\Users\Naman Sharma\Documents\codeweave\env\Lib\site-packages\django\template\backends\django.py", line 107, in render
    return self.template.render(context)
           ^^^^^^^^^^^^^^^^^^^^^^^^^^^^^
  File "C:\Users\Naman Sharma\Documents\codeweave\env\Lib\site-packages\django\template\base.py", line 171, in render
    return self._render(context)
           ^^^^^^^^^^^^^^^^^^^^^
  File "C:\Users\Naman Sharma\Documents\codeweave\env\Lib\site-packages\django\template\base.py", line 163, in _render
    return self.nodelist.render(context)
           ^^^^^^^^^^^^^^^^^^^^^^^^^^^^^
  File "C:\Users\Naman Sharma\Documents\codeweave\env\Lib\site-packages\django\template\base.py", line 1008, in render
    return SafeString("".join([node.render_annotated(context) for node in self]))
                               ^^^^^^^^^^^^^^^^^^^^^^^^^^^^^^
  File "C:\Users\Naman Sharma\Documents\codeweave\env\Lib\site-packages\django\template\base.py", line 969, in render_annotated
    return self.render(context)
           ^^^^^^^^^^^^^^^^^^^^
  File "C:\Users\Naman Sharma\Documents\codeweave\env\Lib\site-packages\django\template\defaulttags.py", line 480, in render
    url = reverse(view_name, args=args, kwargs=kwargs, current_app=current_app)
          ^^^^^^^^^^^^^^^^^^^^^^^^^^^^^^^^^^^^^^^^^^^^^^^^^^^^^^^^^^^^^^^^^^^^^
  File "C:\Users\Naman Sharma\Documents\codeweave\env\Lib\site-packages\django\urls\base.py", line 88, in reverse
    return resolver._reverse_with_prefix(view, prefix, *args, **kwargs)
           ^^^^^^^^^^^^^^^^^^^^^^^^^^^^^^^^^^^^^^^^^^^^^^^^^^^^^^^^^^^^
  File "C:\Users\Naman Sharma\Documents\codeweave\env\Lib\site-packages\django\urls\resolvers.py", line 831, in _reverse_with_prefix
    raise NoReverseMatch(msg)
django.urls.exceptions.NoReverseMatch: Reverse for 'password_reset' not found. 'password_reset' is not a valid view function or pattern name.
2025-04-03 17:30:52,119 - ERROR - Internal Server Error: /users/login/
Traceback (most recent call last):
  File "C:\Users\Naman Sharma\Documents\codeweave\env\Lib\site-packages\django\core\handlers\exception.py", line 55, in inner
    response = get_response(request)
               ^^^^^^^^^^^^^^^^^^^^^
  File "C:\Users\Naman Sharma\Documents\codeweave\env\Lib\site-packages\django\core\handlers\base.py", line 197, in _get_response
    response = wrapped_callback(request, *callback_args, **callback_kwargs)
               ^^^^^^^^^^^^^^^^^^^^^^^^^^^^^^^^^^^^^^^^^^^^^^^^^^^^^^^^^^^^
  File "C:\Users\Naman Sharma\Documents\codeweave\cw_webapp\users\views.py", line 55, in login_view
    return render(request, "login.html", {"form": form})
           ^^^^^^^^^^^^^^^^^^^^^^^^^^^^^^^^^^^^^^^^^^^^^
  File "C:\Users\Naman Sharma\Documents\codeweave\env\Lib\site-packages\django\shortcuts.py", line 25, in render
    content = loader.render_to_string(template_name, context, request, using=using)
              ^^^^^^^^^^^^^^^^^^^^^^^^^^^^^^^^^^^^^^^^^^^^^^^^^^^^^^^^^^^^^^^^^^^^^
  File "C:\Users\Naman Sharma\Documents\codeweave\env\Lib\site-packages\django\template\loader.py", line 62, in render_to_string
    return template.render(context, request)
           ^^^^^^^^^^^^^^^^^^^^^^^^^^^^^^^^^
  File "C:\Users\Naman Sharma\Documents\codeweave\env\Lib\site-packages\django\template\backends\django.py", line 107, in render
    return self.template.render(context)
           ^^^^^^^^^^^^^^^^^^^^^^^^^^^^^
  File "C:\Users\Naman Sharma\Documents\codeweave\env\Lib\site-packages\django\template\base.py", line 171, in render
    return self._render(context)
           ^^^^^^^^^^^^^^^^^^^^^
  File "C:\Users\Naman Sharma\Documents\codeweave\env\Lib\site-packages\django\template\base.py", line 163, in _render
    return self.nodelist.render(context)
           ^^^^^^^^^^^^^^^^^^^^^^^^^^^^^
  File "C:\Users\Naman Sharma\Documents\codeweave\env\Lib\site-packages\django\template\base.py", line 1008, in render
    return SafeString("".join([node.render_annotated(context) for node in self]))
                               ^^^^^^^^^^^^^^^^^^^^^^^^^^^^^^
  File "C:\Users\Naman Sharma\Documents\codeweave\env\Lib\site-packages\django\template\base.py", line 969, in render_annotated
    return self.render(context)
           ^^^^^^^^^^^^^^^^^^^^
  File "C:\Users\Naman Sharma\Documents\codeweave\env\Lib\site-packages\django\template\defaulttags.py", line 480, in render
    url = reverse(view_name, args=args, kwargs=kwargs, current_app=current_app)
          ^^^^^^^^^^^^^^^^^^^^^^^^^^^^^^^^^^^^^^^^^^^^^^^^^^^^^^^^^^^^^^^^^^^^^
  File "C:\Users\Naman Sharma\Documents\codeweave\env\Lib\site-packages\django\urls\base.py", line 88, in reverse
    return resolver._reverse_with_prefix(view, prefix, *args, **kwargs)
           ^^^^^^^^^^^^^^^^^^^^^^^^^^^^^^^^^^^^^^^^^^^^^^^^^^^^^^^^^^^^
  File "C:\Users\Naman Sharma\Documents\codeweave\env\Lib\site-packages\django\urls\resolvers.py", line 831, in _reverse_with_prefix
    raise NoReverseMatch(msg)
django.urls.exceptions.NoReverseMatch: Reverse for 'password_reset' not found. 'password_reset' is not a valid view function or pattern name.
2025-04-03 17:30:52,820 - ERROR - Internal Server Error: /users/login/
Traceback (most recent call last):
  File "C:\Users\Naman Sharma\Documents\codeweave\env\Lib\site-packages\django\core\handlers\exception.py", line 55, in inner
    response = get_response(request)
               ^^^^^^^^^^^^^^^^^^^^^
  File "C:\Users\Naman Sharma\Documents\codeweave\env\Lib\site-packages\django\core\handlers\base.py", line 197, in _get_response
    response = wrapped_callback(request, *callback_args, **callback_kwargs)
               ^^^^^^^^^^^^^^^^^^^^^^^^^^^^^^^^^^^^^^^^^^^^^^^^^^^^^^^^^^^^
  File "C:\Users\Naman Sharma\Documents\codeweave\cw_webapp\users\views.py", line 55, in login_view
    return render(request, "login.html", {"form": form})
           ^^^^^^^^^^^^^^^^^^^^^^^^^^^^^^^^^^^^^^^^^^^^^
  File "C:\Users\Naman Sharma\Documents\codeweave\env\Lib\site-packages\django\shortcuts.py", line 25, in render
    content = loader.render_to_string(template_name, context, request, using=using)
              ^^^^^^^^^^^^^^^^^^^^^^^^^^^^^^^^^^^^^^^^^^^^^^^^^^^^^^^^^^^^^^^^^^^^^
  File "C:\Users\Naman Sharma\Documents\codeweave\env\Lib\site-packages\django\template\loader.py", line 62, in render_to_string
    return template.render(context, request)
           ^^^^^^^^^^^^^^^^^^^^^^^^^^^^^^^^^
  File "C:\Users\Naman Sharma\Documents\codeweave\env\Lib\site-packages\django\template\backends\django.py", line 107, in render
    return self.template.render(context)
           ^^^^^^^^^^^^^^^^^^^^^^^^^^^^^
  File "C:\Users\Naman Sharma\Documents\codeweave\env\Lib\site-packages\django\template\base.py", line 171, in render
    return self._render(context)
           ^^^^^^^^^^^^^^^^^^^^^
  File "C:\Users\Naman Sharma\Documents\codeweave\env\Lib\site-packages\django\template\base.py", line 163, in _render
    return self.nodelist.render(context)
           ^^^^^^^^^^^^^^^^^^^^^^^^^^^^^
  File "C:\Users\Naman Sharma\Documents\codeweave\env\Lib\site-packages\django\template\base.py", line 1008, in render
    return SafeString("".join([node.render_annotated(context) for node in self]))
                               ^^^^^^^^^^^^^^^^^^^^^^^^^^^^^^
  File "C:\Users\Naman Sharma\Documents\codeweave\env\Lib\site-packages\django\template\base.py", line 969, in render_annotated
    return self.render(context)
           ^^^^^^^^^^^^^^^^^^^^
  File "C:\Users\Naman Sharma\Documents\codeweave\env\Lib\site-packages\django\template\defaulttags.py", line 480, in render
    url = reverse(view_name, args=args, kwargs=kwargs, current_app=current_app)
          ^^^^^^^^^^^^^^^^^^^^^^^^^^^^^^^^^^^^^^^^^^^^^^^^^^^^^^^^^^^^^^^^^^^^^
  File "C:\Users\Naman Sharma\Documents\codeweave\env\Lib\site-packages\django\urls\base.py", line 88, in reverse
    return resolver._reverse_with_prefix(view, prefix, *args, **kwargs)
           ^^^^^^^^^^^^^^^^^^^^^^^^^^^^^^^^^^^^^^^^^^^^^^^^^^^^^^^^^^^^
  File "C:\Users\Naman Sharma\Documents\codeweave\env\Lib\site-packages\django\urls\resolvers.py", line 831, in _reverse_with_prefix
    raise NoReverseMatch(msg)
django.urls.exceptions.NoReverseMatch: Reverse for 'password_reset' not found. 'password_reset' is not a valid view function or pattern name.
2025-04-03 17:30:53,608 - ERROR - Internal Server Error: /users/login/
Traceback (most recent call last):
  File "C:\Users\Naman Sharma\Documents\codeweave\env\Lib\site-packages\django\core\handlers\exception.py", line 55, in inner
    response = get_response(request)
               ^^^^^^^^^^^^^^^^^^^^^
  File "C:\Users\Naman Sharma\Documents\codeweave\env\Lib\site-packages\django\core\handlers\base.py", line 197, in _get_response
    response = wrapped_callback(request, *callback_args, **callback_kwargs)
               ^^^^^^^^^^^^^^^^^^^^^^^^^^^^^^^^^^^^^^^^^^^^^^^^^^^^^^^^^^^^
  File "C:\Users\Naman Sharma\Documents\codeweave\cw_webapp\users\views.py", line 55, in login_view
    return render(request, "login.html", {"form": form})
           ^^^^^^^^^^^^^^^^^^^^^^^^^^^^^^^^^^^^^^^^^^^^^
  File "C:\Users\Naman Sharma\Documents\codeweave\env\Lib\site-packages\django\shortcuts.py", line 25, in render
    content = loader.render_to_string(template_name, context, request, using=using)
              ^^^^^^^^^^^^^^^^^^^^^^^^^^^^^^^^^^^^^^^^^^^^^^^^^^^^^^^^^^^^^^^^^^^^^
  File "C:\Users\Naman Sharma\Documents\codeweave\env\Lib\site-packages\django\template\loader.py", line 62, in render_to_string
    return template.render(context, request)
           ^^^^^^^^^^^^^^^^^^^^^^^^^^^^^^^^^
  File "C:\Users\Naman Sharma\Documents\codeweave\env\Lib\site-packages\django\template\backends\django.py", line 107, in render
    return self.template.render(context)
           ^^^^^^^^^^^^^^^^^^^^^^^^^^^^^
  File "C:\Users\Naman Sharma\Documents\codeweave\env\Lib\site-packages\django\template\base.py", line 171, in render
    return self._render(context)
           ^^^^^^^^^^^^^^^^^^^^^
  File "C:\Users\Naman Sharma\Documents\codeweave\env\Lib\site-packages\django\template\base.py", line 163, in _render
    return self.nodelist.render(context)
           ^^^^^^^^^^^^^^^^^^^^^^^^^^^^^
  File "C:\Users\Naman Sharma\Documents\codeweave\env\Lib\site-packages\django\template\base.py", line 1008, in render
    return SafeString("".join([node.render_annotated(context) for node in self]))
                               ^^^^^^^^^^^^^^^^^^^^^^^^^^^^^^
  File "C:\Users\Naman Sharma\Documents\codeweave\env\Lib\site-packages\django\template\base.py", line 969, in render_annotated
    return self.render(context)
           ^^^^^^^^^^^^^^^^^^^^
  File "C:\Users\Naman Sharma\Documents\codeweave\env\Lib\site-packages\django\template\defaulttags.py", line 480, in render
    url = reverse(view_name, args=args, kwargs=kwargs, current_app=current_app)
          ^^^^^^^^^^^^^^^^^^^^^^^^^^^^^^^^^^^^^^^^^^^^^^^^^^^^^^^^^^^^^^^^^^^^^
  File "C:\Users\Naman Sharma\Documents\codeweave\env\Lib\site-packages\django\urls\base.py", line 88, in reverse
    return resolver._reverse_with_prefix(view, prefix, *args, **kwargs)
           ^^^^^^^^^^^^^^^^^^^^^^^^^^^^^^^^^^^^^^^^^^^^^^^^^^^^^^^^^^^^
  File "C:\Users\Naman Sharma\Documents\codeweave\env\Lib\site-packages\django\urls\resolvers.py", line 831, in _reverse_with_prefix
    raise NoReverseMatch(msg)
django.urls.exceptions.NoReverseMatch: Reverse for 'password_reset' not found. 'password_reset' is not a valid view function or pattern name.
2025-04-03 17:30:54,292 - ERROR - Internal Server Error: /users/login/
Traceback (most recent call last):
  File "C:\Users\Naman Sharma\Documents\codeweave\env\Lib\site-packages\django\core\handlers\exception.py", line 55, in inner
    response = get_response(request)
               ^^^^^^^^^^^^^^^^^^^^^
  File "C:\Users\Naman Sharma\Documents\codeweave\env\Lib\site-packages\django\core\handlers\base.py", line 197, in _get_response
    response = wrapped_callback(request, *callback_args, **callback_kwargs)
               ^^^^^^^^^^^^^^^^^^^^^^^^^^^^^^^^^^^^^^^^^^^^^^^^^^^^^^^^^^^^
  File "C:\Users\Naman Sharma\Documents\codeweave\cw_webapp\users\views.py", line 55, in login_view
    return render(request, "login.html", {"form": form})
           ^^^^^^^^^^^^^^^^^^^^^^^^^^^^^^^^^^^^^^^^^^^^^
  File "C:\Users\Naman Sharma\Documents\codeweave\env\Lib\site-packages\django\shortcuts.py", line 25, in render
    content = loader.render_to_string(template_name, context, request, using=using)
              ^^^^^^^^^^^^^^^^^^^^^^^^^^^^^^^^^^^^^^^^^^^^^^^^^^^^^^^^^^^^^^^^^^^^^
  File "C:\Users\Naman Sharma\Documents\codeweave\env\Lib\site-packages\django\template\loader.py", line 62, in render_to_string
    return template.render(context, request)
           ^^^^^^^^^^^^^^^^^^^^^^^^^^^^^^^^^
  File "C:\Users\Naman Sharma\Documents\codeweave\env\Lib\site-packages\django\template\backends\django.py", line 107, in render
    return self.template.render(context)
           ^^^^^^^^^^^^^^^^^^^^^^^^^^^^^
  File "C:\Users\Naman Sharma\Documents\codeweave\env\Lib\site-packages\django\template\base.py", line 171, in render
    return self._render(context)
           ^^^^^^^^^^^^^^^^^^^^^
  File "C:\Users\Naman Sharma\Documents\codeweave\env\Lib\site-packages\django\template\base.py", line 163, in _render
    return self.nodelist.render(context)
           ^^^^^^^^^^^^^^^^^^^^^^^^^^^^^
  File "C:\Users\Naman Sharma\Documents\codeweave\env\Lib\site-packages\django\template\base.py", line 1008, in render
    return SafeString("".join([node.render_annotated(context) for node in self]))
                               ^^^^^^^^^^^^^^^^^^^^^^^^^^^^^^
  File "C:\Users\Naman Sharma\Documents\codeweave\env\Lib\site-packages\django\template\base.py", line 969, in render_annotated
    return self.render(context)
           ^^^^^^^^^^^^^^^^^^^^
  File "C:\Users\Naman Sharma\Documents\codeweave\env\Lib\site-packages\django\template\defaulttags.py", line 480, in render
    url = reverse(view_name, args=args, kwargs=kwargs, current_app=current_app)
          ^^^^^^^^^^^^^^^^^^^^^^^^^^^^^^^^^^^^^^^^^^^^^^^^^^^^^^^^^^^^^^^^^^^^^
  File "C:\Users\Naman Sharma\Documents\codeweave\env\Lib\site-packages\django\urls\base.py", line 88, in reverse
    return resolver._reverse_with_prefix(view, prefix, *args, **kwargs)
           ^^^^^^^^^^^^^^^^^^^^^^^^^^^^^^^^^^^^^^^^^^^^^^^^^^^^^^^^^^^^
  File "C:\Users\Naman Sharma\Documents\codeweave\env\Lib\site-packages\django\urls\resolvers.py", line 831, in _reverse_with_prefix
    raise NoReverseMatch(msg)
django.urls.exceptions.NoReverseMatch: Reverse for 'password_reset' not found. 'password_reset' is not a valid view function or pattern name.
2025-04-03 17:30:54,621 - ERROR - Internal Server Error: /users/login/
Traceback (most recent call last):
  File "C:\Users\Naman Sharma\Documents\codeweave\env\Lib\site-packages\django\core\handlers\exception.py", line 55, in inner
    response = get_response(request)
               ^^^^^^^^^^^^^^^^^^^^^
  File "C:\Users\Naman Sharma\Documents\codeweave\env\Lib\site-packages\django\core\handlers\base.py", line 197, in _get_response
    response = wrapped_callback(request, *callback_args, **callback_kwargs)
               ^^^^^^^^^^^^^^^^^^^^^^^^^^^^^^^^^^^^^^^^^^^^^^^^^^^^^^^^^^^^
  File "C:\Users\Naman Sharma\Documents\codeweave\cw_webapp\users\views.py", line 55, in login_view
    return render(request, "login.html", {"form": form})
           ^^^^^^^^^^^^^^^^^^^^^^^^^^^^^^^^^^^^^^^^^^^^^
  File "C:\Users\Naman Sharma\Documents\codeweave\env\Lib\site-packages\django\shortcuts.py", line 25, in render
    content = loader.render_to_string(template_name, context, request, using=using)
              ^^^^^^^^^^^^^^^^^^^^^^^^^^^^^^^^^^^^^^^^^^^^^^^^^^^^^^^^^^^^^^^^^^^^^
  File "C:\Users\Naman Sharma\Documents\codeweave\env\Lib\site-packages\django\template\loader.py", line 62, in render_to_string
    return template.render(context, request)
           ^^^^^^^^^^^^^^^^^^^^^^^^^^^^^^^^^
  File "C:\Users\Naman Sharma\Documents\codeweave\env\Lib\site-packages\django\template\backends\django.py", line 107, in render
    return self.template.render(context)
           ^^^^^^^^^^^^^^^^^^^^^^^^^^^^^
  File "C:\Users\Naman Sharma\Documents\codeweave\env\Lib\site-packages\django\template\base.py", line 171, in render
    return self._render(context)
           ^^^^^^^^^^^^^^^^^^^^^
  File "C:\Users\Naman Sharma\Documents\codeweave\env\Lib\site-packages\django\template\base.py", line 163, in _render
    return self.nodelist.render(context)
           ^^^^^^^^^^^^^^^^^^^^^^^^^^^^^
  File "C:\Users\Naman Sharma\Documents\codeweave\env\Lib\site-packages\django\template\base.py", line 1008, in render
    return SafeString("".join([node.render_annotated(context) for node in self]))
                               ^^^^^^^^^^^^^^^^^^^^^^^^^^^^^^
  File "C:\Users\Naman Sharma\Documents\codeweave\env\Lib\site-packages\django\template\base.py", line 969, in render_annotated
    return self.render(context)
           ^^^^^^^^^^^^^^^^^^^^
  File "C:\Users\Naman Sharma\Documents\codeweave\env\Lib\site-packages\django\template\defaulttags.py", line 480, in render
    url = reverse(view_name, args=args, kwargs=kwargs, current_app=current_app)
          ^^^^^^^^^^^^^^^^^^^^^^^^^^^^^^^^^^^^^^^^^^^^^^^^^^^^^^^^^^^^^^^^^^^^^
  File "C:\Users\Naman Sharma\Documents\codeweave\env\Lib\site-packages\django\urls\base.py", line 88, in reverse
    return resolver._reverse_with_prefix(view, prefix, *args, **kwargs)
           ^^^^^^^^^^^^^^^^^^^^^^^^^^^^^^^^^^^^^^^^^^^^^^^^^^^^^^^^^^^^
  File "C:\Users\Naman Sharma\Documents\codeweave\env\Lib\site-packages\django\urls\resolvers.py", line 831, in _reverse_with_prefix
    raise NoReverseMatch(msg)
django.urls.exceptions.NoReverseMatch: Reverse for 'password_reset' not found. 'password_reset' is not a valid view function or pattern name.
2025-04-03 17:32:50,036 - ERROR - Internal Server Error: /users/login/
Traceback (most recent call last):
  File "C:\Users\Naman Sharma\Documents\codeweave\env\Lib\site-packages\django\core\handlers\exception.py", line 55, in inner
    response = get_response(request)
               ^^^^^^^^^^^^^^^^^^^^^
  File "C:\Users\Naman Sharma\Documents\codeweave\env\Lib\site-packages\django\core\handlers\base.py", line 197, in _get_response
    response = wrapped_callback(request, *callback_args, **callback_kwargs)
               ^^^^^^^^^^^^^^^^^^^^^^^^^^^^^^^^^^^^^^^^^^^^^^^^^^^^^^^^^^^^
  File "C:\Users\Naman Sharma\Documents\codeweave\cw_webapp\users\views.py", line 55, in login_view
    return render(request, "login.html", {"form": form})
           ^^^^^^^^^^^^^^^^^^^^^^^^^^^^^^^^^^^^^^^^^^^^^
  File "C:\Users\Naman Sharma\Documents\codeweave\env\Lib\site-packages\django\shortcuts.py", line 25, in render
    content = loader.render_to_string(template_name, context, request, using=using)
              ^^^^^^^^^^^^^^^^^^^^^^^^^^^^^^^^^^^^^^^^^^^^^^^^^^^^^^^^^^^^^^^^^^^^^
  File "C:\Users\Naman Sharma\Documents\codeweave\env\Lib\site-packages\django\template\loader.py", line 62, in render_to_string
    return template.render(context, request)
           ^^^^^^^^^^^^^^^^^^^^^^^^^^^^^^^^^
  File "C:\Users\Naman Sharma\Documents\codeweave\env\Lib\site-packages\django\template\backends\django.py", line 107, in render
    return self.template.render(context)
           ^^^^^^^^^^^^^^^^^^^^^^^^^^^^^
  File "C:\Users\Naman Sharma\Documents\codeweave\env\Lib\site-packages\django\template\base.py", line 171, in render
    return self._render(context)
           ^^^^^^^^^^^^^^^^^^^^^
  File "C:\Users\Naman Sharma\Documents\codeweave\env\Lib\site-packages\django\template\base.py", line 163, in _render
    return self.nodelist.render(context)
           ^^^^^^^^^^^^^^^^^^^^^^^^^^^^^
  File "C:\Users\Naman Sharma\Documents\codeweave\env\Lib\site-packages\django\template\base.py", line 1008, in render
    return SafeString("".join([node.render_annotated(context) for node in self]))
                               ^^^^^^^^^^^^^^^^^^^^^^^^^^^^^^
  File "C:\Users\Naman Sharma\Documents\codeweave\env\Lib\site-packages\django\template\base.py", line 969, in render_annotated
    return self.render(context)
           ^^^^^^^^^^^^^^^^^^^^
  File "C:\Users\Naman Sharma\Documents\codeweave\env\Lib\site-packages\django\template\defaulttags.py", line 480, in render
    url = reverse(view_name, args=args, kwargs=kwargs, current_app=current_app)
          ^^^^^^^^^^^^^^^^^^^^^^^^^^^^^^^^^^^^^^^^^^^^^^^^^^^^^^^^^^^^^^^^^^^^^
  File "C:\Users\Naman Sharma\Documents\codeweave\env\Lib\site-packages\django\urls\base.py", line 88, in reverse
    return resolver._reverse_with_prefix(view, prefix, *args, **kwargs)
           ^^^^^^^^^^^^^^^^^^^^^^^^^^^^^^^^^^^^^^^^^^^^^^^^^^^^^^^^^^^^
  File "C:\Users\Naman Sharma\Documents\codeweave\env\Lib\site-packages\django\urls\resolvers.py", line 831, in _reverse_with_prefix
    raise NoReverseMatch(msg)
django.urls.exceptions.NoReverseMatch: Reverse for 'password_reset' not found. 'password_reset' is not a valid view function or pattern name.
2025-04-03 17:32:50,932 - ERROR - Internal Server Error: /users/login/
Traceback (most recent call last):
  File "C:\Users\Naman Sharma\Documents\codeweave\env\Lib\site-packages\django\core\handlers\exception.py", line 55, in inner
    response = get_response(request)
               ^^^^^^^^^^^^^^^^^^^^^
  File "C:\Users\Naman Sharma\Documents\codeweave\env\Lib\site-packages\django\core\handlers\base.py", line 197, in _get_response
    response = wrapped_callback(request, *callback_args, **callback_kwargs)
               ^^^^^^^^^^^^^^^^^^^^^^^^^^^^^^^^^^^^^^^^^^^^^^^^^^^^^^^^^^^^
  File "C:\Users\Naman Sharma\Documents\codeweave\cw_webapp\users\views.py", line 55, in login_view
    return render(request, "login.html", {"form": form})
           ^^^^^^^^^^^^^^^^^^^^^^^^^^^^^^^^^^^^^^^^^^^^^
  File "C:\Users\Naman Sharma\Documents\codeweave\env\Lib\site-packages\django\shortcuts.py", line 25, in render
    content = loader.render_to_string(template_name, context, request, using=using)
              ^^^^^^^^^^^^^^^^^^^^^^^^^^^^^^^^^^^^^^^^^^^^^^^^^^^^^^^^^^^^^^^^^^^^^
  File "C:\Users\Naman Sharma\Documents\codeweave\env\Lib\site-packages\django\template\loader.py", line 62, in render_to_string
    return template.render(context, request)
           ^^^^^^^^^^^^^^^^^^^^^^^^^^^^^^^^^
  File "C:\Users\Naman Sharma\Documents\codeweave\env\Lib\site-packages\django\template\backends\django.py", line 107, in render
    return self.template.render(context)
           ^^^^^^^^^^^^^^^^^^^^^^^^^^^^^
  File "C:\Users\Naman Sharma\Documents\codeweave\env\Lib\site-packages\django\template\base.py", line 171, in render
    return self._render(context)
           ^^^^^^^^^^^^^^^^^^^^^
  File "C:\Users\Naman Sharma\Documents\codeweave\env\Lib\site-packages\django\template\base.py", line 163, in _render
    return self.nodelist.render(context)
           ^^^^^^^^^^^^^^^^^^^^^^^^^^^^^
  File "C:\Users\Naman Sharma\Documents\codeweave\env\Lib\site-packages\django\template\base.py", line 1008, in render
    return SafeString("".join([node.render_annotated(context) for node in self]))
                               ^^^^^^^^^^^^^^^^^^^^^^^^^^^^^^
  File "C:\Users\Naman Sharma\Documents\codeweave\env\Lib\site-packages\django\template\base.py", line 969, in render_annotated
    return self.render(context)
           ^^^^^^^^^^^^^^^^^^^^
  File "C:\Users\Naman Sharma\Documents\codeweave\env\Lib\site-packages\django\template\defaulttags.py", line 480, in render
    url = reverse(view_name, args=args, kwargs=kwargs, current_app=current_app)
          ^^^^^^^^^^^^^^^^^^^^^^^^^^^^^^^^^^^^^^^^^^^^^^^^^^^^^^^^^^^^^^^^^^^^^
  File "C:\Users\Naman Sharma\Documents\codeweave\env\Lib\site-packages\django\urls\base.py", line 88, in reverse
    return resolver._reverse_with_prefix(view, prefix, *args, **kwargs)
           ^^^^^^^^^^^^^^^^^^^^^^^^^^^^^^^^^^^^^^^^^^^^^^^^^^^^^^^^^^^^
  File "C:\Users\Naman Sharma\Documents\codeweave\env\Lib\site-packages\django\urls\resolvers.py", line 831, in _reverse_with_prefix
    raise NoReverseMatch(msg)
django.urls.exceptions.NoReverseMatch: Reverse for 'password_reset' not found. 'password_reset' is not a valid view function or pattern name.
2025-04-03 17:32:51,759 - ERROR - Internal Server Error: /users/login/
Traceback (most recent call last):
  File "C:\Users\Naman Sharma\Documents\codeweave\env\Lib\site-packages\django\core\handlers\exception.py", line 55, in inner
    response = get_response(request)
               ^^^^^^^^^^^^^^^^^^^^^
  File "C:\Users\Naman Sharma\Documents\codeweave\env\Lib\site-packages\django\core\handlers\base.py", line 197, in _get_response
    response = wrapped_callback(request, *callback_args, **callback_kwargs)
               ^^^^^^^^^^^^^^^^^^^^^^^^^^^^^^^^^^^^^^^^^^^^^^^^^^^^^^^^^^^^
  File "C:\Users\Naman Sharma\Documents\codeweave\cw_webapp\users\views.py", line 55, in login_view
    return render(request, "login.html", {"form": form})
           ^^^^^^^^^^^^^^^^^^^^^^^^^^^^^^^^^^^^^^^^^^^^^
  File "C:\Users\Naman Sharma\Documents\codeweave\env\Lib\site-packages\django\shortcuts.py", line 25, in render
    content = loader.render_to_string(template_name, context, request, using=using)
              ^^^^^^^^^^^^^^^^^^^^^^^^^^^^^^^^^^^^^^^^^^^^^^^^^^^^^^^^^^^^^^^^^^^^^
  File "C:\Users\Naman Sharma\Documents\codeweave\env\Lib\site-packages\django\template\loader.py", line 62, in render_to_string
    return template.render(context, request)
           ^^^^^^^^^^^^^^^^^^^^^^^^^^^^^^^^^
  File "C:\Users\Naman Sharma\Documents\codeweave\env\Lib\site-packages\django\template\backends\django.py", line 107, in render
    return self.template.render(context)
           ^^^^^^^^^^^^^^^^^^^^^^^^^^^^^
  File "C:\Users\Naman Sharma\Documents\codeweave\env\Lib\site-packages\django\template\base.py", line 171, in render
    return self._render(context)
           ^^^^^^^^^^^^^^^^^^^^^
  File "C:\Users\Naman Sharma\Documents\codeweave\env\Lib\site-packages\django\template\base.py", line 163, in _render
    return self.nodelist.render(context)
           ^^^^^^^^^^^^^^^^^^^^^^^^^^^^^
  File "C:\Users\Naman Sharma\Documents\codeweave\env\Lib\site-packages\django\template\base.py", line 1008, in render
    return SafeString("".join([node.render_annotated(context) for node in self]))
                               ^^^^^^^^^^^^^^^^^^^^^^^^^^^^^^
  File "C:\Users\Naman Sharma\Documents\codeweave\env\Lib\site-packages\django\template\base.py", line 969, in render_annotated
    return self.render(context)
           ^^^^^^^^^^^^^^^^^^^^
  File "C:\Users\Naman Sharma\Documents\codeweave\env\Lib\site-packages\django\template\defaulttags.py", line 480, in render
    url = reverse(view_name, args=args, kwargs=kwargs, current_app=current_app)
          ^^^^^^^^^^^^^^^^^^^^^^^^^^^^^^^^^^^^^^^^^^^^^^^^^^^^^^^^^^^^^^^^^^^^^
  File "C:\Users\Naman Sharma\Documents\codeweave\env\Lib\site-packages\django\urls\base.py", line 88, in reverse
    return resolver._reverse_with_prefix(view, prefix, *args, **kwargs)
           ^^^^^^^^^^^^^^^^^^^^^^^^^^^^^^^^^^^^^^^^^^^^^^^^^^^^^^^^^^^^
  File "C:\Users\Naman Sharma\Documents\codeweave\env\Lib\site-packages\django\urls\resolvers.py", line 831, in _reverse_with_prefix
    raise NoReverseMatch(msg)
django.urls.exceptions.NoReverseMatch: Reverse for 'password_reset' not found. 'password_reset' is not a valid view function or pattern name.
2025-04-03 17:32:52,472 - ERROR - Internal Server Error: /users/login/
Traceback (most recent call last):
  File "C:\Users\Naman Sharma\Documents\codeweave\env\Lib\site-packages\django\core\handlers\exception.py", line 55, in inner
    response = get_response(request)
               ^^^^^^^^^^^^^^^^^^^^^
  File "C:\Users\Naman Sharma\Documents\codeweave\env\Lib\site-packages\django\core\handlers\base.py", line 197, in _get_response
    response = wrapped_callback(request, *callback_args, **callback_kwargs)
               ^^^^^^^^^^^^^^^^^^^^^^^^^^^^^^^^^^^^^^^^^^^^^^^^^^^^^^^^^^^^
  File "C:\Users\Naman Sharma\Documents\codeweave\cw_webapp\users\views.py", line 55, in login_view
    return render(request, "login.html", {"form": form})
           ^^^^^^^^^^^^^^^^^^^^^^^^^^^^^^^^^^^^^^^^^^^^^
  File "C:\Users\Naman Sharma\Documents\codeweave\env\Lib\site-packages\django\shortcuts.py", line 25, in render
    content = loader.render_to_string(template_name, context, request, using=using)
              ^^^^^^^^^^^^^^^^^^^^^^^^^^^^^^^^^^^^^^^^^^^^^^^^^^^^^^^^^^^^^^^^^^^^^
  File "C:\Users\Naman Sharma\Documents\codeweave\env\Lib\site-packages\django\template\loader.py", line 62, in render_to_string
    return template.render(context, request)
           ^^^^^^^^^^^^^^^^^^^^^^^^^^^^^^^^^
  File "C:\Users\Naman Sharma\Documents\codeweave\env\Lib\site-packages\django\template\backends\django.py", line 107, in render
    return self.template.render(context)
           ^^^^^^^^^^^^^^^^^^^^^^^^^^^^^
  File "C:\Users\Naman Sharma\Documents\codeweave\env\Lib\site-packages\django\template\base.py", line 171, in render
    return self._render(context)
           ^^^^^^^^^^^^^^^^^^^^^
  File "C:\Users\Naman Sharma\Documents\codeweave\env\Lib\site-packages\django\template\base.py", line 163, in _render
    return self.nodelist.render(context)
           ^^^^^^^^^^^^^^^^^^^^^^^^^^^^^
  File "C:\Users\Naman Sharma\Documents\codeweave\env\Lib\site-packages\django\template\base.py", line 1008, in render
    return SafeString("".join([node.render_annotated(context) for node in self]))
                               ^^^^^^^^^^^^^^^^^^^^^^^^^^^^^^
  File "C:\Users\Naman Sharma\Documents\codeweave\env\Lib\site-packages\django\template\base.py", line 969, in render_annotated
    return self.render(context)
           ^^^^^^^^^^^^^^^^^^^^
  File "C:\Users\Naman Sharma\Documents\codeweave\env\Lib\site-packages\django\template\defaulttags.py", line 480, in render
    url = reverse(view_name, args=args, kwargs=kwargs, current_app=current_app)
          ^^^^^^^^^^^^^^^^^^^^^^^^^^^^^^^^^^^^^^^^^^^^^^^^^^^^^^^^^^^^^^^^^^^^^
  File "C:\Users\Naman Sharma\Documents\codeweave\env\Lib\site-packages\django\urls\base.py", line 88, in reverse
    return resolver._reverse_with_prefix(view, prefix, *args, **kwargs)
           ^^^^^^^^^^^^^^^^^^^^^^^^^^^^^^^^^^^^^^^^^^^^^^^^^^^^^^^^^^^^
  File "C:\Users\Naman Sharma\Documents\codeweave\env\Lib\site-packages\django\urls\resolvers.py", line 831, in _reverse_with_prefix
    raise NoReverseMatch(msg)
django.urls.exceptions.NoReverseMatch: Reverse for 'password_reset' not found. 'password_reset' is not a valid view function or pattern name.
2025-04-03 17:32:52,853 - ERROR - Internal Server Error: /users/login/
Traceback (most recent call last):
  File "C:\Users\Naman Sharma\Documents\codeweave\env\Lib\site-packages\django\core\handlers\exception.py", line 55, in inner
    response = get_response(request)
               ^^^^^^^^^^^^^^^^^^^^^
  File "C:\Users\Naman Sharma\Documents\codeweave\env\Lib\site-packages\django\core\handlers\base.py", line 197, in _get_response
    response = wrapped_callback(request, *callback_args, **callback_kwargs)
               ^^^^^^^^^^^^^^^^^^^^^^^^^^^^^^^^^^^^^^^^^^^^^^^^^^^^^^^^^^^^
  File "C:\Users\Naman Sharma\Documents\codeweave\cw_webapp\users\views.py", line 55, in login_view
    return render(request, "login.html", {"form": form})
           ^^^^^^^^^^^^^^^^^^^^^^^^^^^^^^^^^^^^^^^^^^^^^
  File "C:\Users\Naman Sharma\Documents\codeweave\env\Lib\site-packages\django\shortcuts.py", line 25, in render
    content = loader.render_to_string(template_name, context, request, using=using)
              ^^^^^^^^^^^^^^^^^^^^^^^^^^^^^^^^^^^^^^^^^^^^^^^^^^^^^^^^^^^^^^^^^^^^^
  File "C:\Users\Naman Sharma\Documents\codeweave\env\Lib\site-packages\django\template\loader.py", line 62, in render_to_string
    return template.render(context, request)
           ^^^^^^^^^^^^^^^^^^^^^^^^^^^^^^^^^
  File "C:\Users\Naman Sharma\Documents\codeweave\env\Lib\site-packages\django\template\backends\django.py", line 107, in render
    return self.template.render(context)
           ^^^^^^^^^^^^^^^^^^^^^^^^^^^^^
  File "C:\Users\Naman Sharma\Documents\codeweave\env\Lib\site-packages\django\template\base.py", line 171, in render
    return self._render(context)
           ^^^^^^^^^^^^^^^^^^^^^
  File "C:\Users\Naman Sharma\Documents\codeweave\env\Lib\site-packages\django\template\base.py", line 163, in _render
    return self.nodelist.render(context)
           ^^^^^^^^^^^^^^^^^^^^^^^^^^^^^
  File "C:\Users\Naman Sharma\Documents\codeweave\env\Lib\site-packages\django\template\base.py", line 1008, in render
    return SafeString("".join([node.render_annotated(context) for node in self]))
                               ^^^^^^^^^^^^^^^^^^^^^^^^^^^^^^
  File "C:\Users\Naman Sharma\Documents\codeweave\env\Lib\site-packages\django\template\base.py", line 969, in render_annotated
    return self.render(context)
           ^^^^^^^^^^^^^^^^^^^^
  File "C:\Users\Naman Sharma\Documents\codeweave\env\Lib\site-packages\django\template\defaulttags.py", line 480, in render
    url = reverse(view_name, args=args, kwargs=kwargs, current_app=current_app)
          ^^^^^^^^^^^^^^^^^^^^^^^^^^^^^^^^^^^^^^^^^^^^^^^^^^^^^^^^^^^^^^^^^^^^^
  File "C:\Users\Naman Sharma\Documents\codeweave\env\Lib\site-packages\django\urls\base.py", line 88, in reverse
    return resolver._reverse_with_prefix(view, prefix, *args, **kwargs)
           ^^^^^^^^^^^^^^^^^^^^^^^^^^^^^^^^^^^^^^^^^^^^^^^^^^^^^^^^^^^^
  File "C:\Users\Naman Sharma\Documents\codeweave\env\Lib\site-packages\django\urls\resolvers.py", line 831, in _reverse_with_prefix
    raise NoReverseMatch(msg)
django.urls.exceptions.NoReverseMatch: Reverse for 'password_reset' not found. 'password_reset' is not a valid view function or pattern name.
2025-04-03 17:32:53,222 - ERROR - Internal Server Error: /users/login/
Traceback (most recent call last):
  File "C:\Users\Naman Sharma\Documents\codeweave\env\Lib\site-packages\django\core\handlers\exception.py", line 55, in inner
    response = get_response(request)
               ^^^^^^^^^^^^^^^^^^^^^
  File "C:\Users\Naman Sharma\Documents\codeweave\env\Lib\site-packages\django\core\handlers\base.py", line 197, in _get_response
    response = wrapped_callback(request, *callback_args, **callback_kwargs)
               ^^^^^^^^^^^^^^^^^^^^^^^^^^^^^^^^^^^^^^^^^^^^^^^^^^^^^^^^^^^^
  File "C:\Users\Naman Sharma\Documents\codeweave\cw_webapp\users\views.py", line 55, in login_view
    return render(request, "login.html", {"form": form})
           ^^^^^^^^^^^^^^^^^^^^^^^^^^^^^^^^^^^^^^^^^^^^^
  File "C:\Users\Naman Sharma\Documents\codeweave\env\Lib\site-packages\django\shortcuts.py", line 25, in render
    content = loader.render_to_string(template_name, context, request, using=using)
              ^^^^^^^^^^^^^^^^^^^^^^^^^^^^^^^^^^^^^^^^^^^^^^^^^^^^^^^^^^^^^^^^^^^^^
  File "C:\Users\Naman Sharma\Documents\codeweave\env\Lib\site-packages\django\template\loader.py", line 62, in render_to_string
    return template.render(context, request)
           ^^^^^^^^^^^^^^^^^^^^^^^^^^^^^^^^^
  File "C:\Users\Naman Sharma\Documents\codeweave\env\Lib\site-packages\django\template\backends\django.py", line 107, in render
    return self.template.render(context)
           ^^^^^^^^^^^^^^^^^^^^^^^^^^^^^
  File "C:\Users\Naman Sharma\Documents\codeweave\env\Lib\site-packages\django\template\base.py", line 171, in render
    return self._render(context)
           ^^^^^^^^^^^^^^^^^^^^^
  File "C:\Users\Naman Sharma\Documents\codeweave\env\Lib\site-packages\django\template\base.py", line 163, in _render
    return self.nodelist.render(context)
           ^^^^^^^^^^^^^^^^^^^^^^^^^^^^^
  File "C:\Users\Naman Sharma\Documents\codeweave\env\Lib\site-packages\django\template\base.py", line 1008, in render
    return SafeString("".join([node.render_annotated(context) for node in self]))
                               ^^^^^^^^^^^^^^^^^^^^^^^^^^^^^^
  File "C:\Users\Naman Sharma\Documents\codeweave\env\Lib\site-packages\django\template\base.py", line 969, in render_annotated
    return self.render(context)
           ^^^^^^^^^^^^^^^^^^^^
  File "C:\Users\Naman Sharma\Documents\codeweave\env\Lib\site-packages\django\template\defaulttags.py", line 480, in render
    url = reverse(view_name, args=args, kwargs=kwargs, current_app=current_app)
          ^^^^^^^^^^^^^^^^^^^^^^^^^^^^^^^^^^^^^^^^^^^^^^^^^^^^^^^^^^^^^^^^^^^^^
  File "C:\Users\Naman Sharma\Documents\codeweave\env\Lib\site-packages\django\urls\base.py", line 88, in reverse
    return resolver._reverse_with_prefix(view, prefix, *args, **kwargs)
           ^^^^^^^^^^^^^^^^^^^^^^^^^^^^^^^^^^^^^^^^^^^^^^^^^^^^^^^^^^^^
  File "C:\Users\Naman Sharma\Documents\codeweave\env\Lib\site-packages\django\urls\resolvers.py", line 831, in _reverse_with_prefix
    raise NoReverseMatch(msg)
django.urls.exceptions.NoReverseMatch: Reverse for 'password_reset' not found. 'password_reset' is not a valid view function or pattern name.
2025-04-03 17:32:56,808 - ERROR - Internal Server Error: /users/login/
Traceback (most recent call last):
  File "C:\Users\Naman Sharma\Documents\codeweave\env\Lib\site-packages\django\core\handlers\exception.py", line 55, in inner
    response = get_response(request)
               ^^^^^^^^^^^^^^^^^^^^^
  File "C:\Users\Naman Sharma\Documents\codeweave\env\Lib\site-packages\django\core\handlers\base.py", line 197, in _get_response
    response = wrapped_callback(request, *callback_args, **callback_kwargs)
               ^^^^^^^^^^^^^^^^^^^^^^^^^^^^^^^^^^^^^^^^^^^^^^^^^^^^^^^^^^^^
  File "C:\Users\Naman Sharma\Documents\codeweave\cw_webapp\users\views.py", line 55, in login_view
    return render(request, "login.html", {"form": form})
           ^^^^^^^^^^^^^^^^^^^^^^^^^^^^^^^^^^^^^^^^^^^^^
  File "C:\Users\Naman Sharma\Documents\codeweave\env\Lib\site-packages\django\shortcuts.py", line 25, in render
    content = loader.render_to_string(template_name, context, request, using=using)
              ^^^^^^^^^^^^^^^^^^^^^^^^^^^^^^^^^^^^^^^^^^^^^^^^^^^^^^^^^^^^^^^^^^^^^
  File "C:\Users\Naman Sharma\Documents\codeweave\env\Lib\site-packages\django\template\loader.py", line 62, in render_to_string
    return template.render(context, request)
           ^^^^^^^^^^^^^^^^^^^^^^^^^^^^^^^^^
  File "C:\Users\Naman Sharma\Documents\codeweave\env\Lib\site-packages\django\template\backends\django.py", line 107, in render
    return self.template.render(context)
           ^^^^^^^^^^^^^^^^^^^^^^^^^^^^^
  File "C:\Users\Naman Sharma\Documents\codeweave\env\Lib\site-packages\django\template\base.py", line 171, in render
    return self._render(context)
           ^^^^^^^^^^^^^^^^^^^^^
  File "C:\Users\Naman Sharma\Documents\codeweave\env\Lib\site-packages\django\template\base.py", line 163, in _render
    return self.nodelist.render(context)
           ^^^^^^^^^^^^^^^^^^^^^^^^^^^^^
  File "C:\Users\Naman Sharma\Documents\codeweave\env\Lib\site-packages\django\template\base.py", line 1008, in render
    return SafeString("".join([node.render_annotated(context) for node in self]))
                               ^^^^^^^^^^^^^^^^^^^^^^^^^^^^^^
  File "C:\Users\Naman Sharma\Documents\codeweave\env\Lib\site-packages\django\template\base.py", line 969, in render_annotated
    return self.render(context)
           ^^^^^^^^^^^^^^^^^^^^
  File "C:\Users\Naman Sharma\Documents\codeweave\env\Lib\site-packages\django\template\defaulttags.py", line 480, in render
    url = reverse(view_name, args=args, kwargs=kwargs, current_app=current_app)
          ^^^^^^^^^^^^^^^^^^^^^^^^^^^^^^^^^^^^^^^^^^^^^^^^^^^^^^^^^^^^^^^^^^^^^
  File "C:\Users\Naman Sharma\Documents\codeweave\env\Lib\site-packages\django\urls\base.py", line 88, in reverse
    return resolver._reverse_with_prefix(view, prefix, *args, **kwargs)
           ^^^^^^^^^^^^^^^^^^^^^^^^^^^^^^^^^^^^^^^^^^^^^^^^^^^^^^^^^^^^
  File "C:\Users\Naman Sharma\Documents\codeweave\env\Lib\site-packages\django\urls\resolvers.py", line 831, in _reverse_with_prefix
    raise NoReverseMatch(msg)
django.urls.exceptions.NoReverseMatch: Reverse for 'password_reset' not found. 'password_reset' is not a valid view function or pattern name.
2025-04-03 17:32:57,547 - ERROR - Internal Server Error: /users/login/
Traceback (most recent call last):
  File "C:\Users\Naman Sharma\Documents\codeweave\env\Lib\site-packages\django\core\handlers\exception.py", line 55, in inner
    response = get_response(request)
               ^^^^^^^^^^^^^^^^^^^^^
  File "C:\Users\Naman Sharma\Documents\codeweave\env\Lib\site-packages\django\core\handlers\base.py", line 197, in _get_response
    response = wrapped_callback(request, *callback_args, **callback_kwargs)
               ^^^^^^^^^^^^^^^^^^^^^^^^^^^^^^^^^^^^^^^^^^^^^^^^^^^^^^^^^^^^
  File "C:\Users\Naman Sharma\Documents\codeweave\cw_webapp\users\views.py", line 55, in login_view
    return render(request, "login.html", {"form": form})
           ^^^^^^^^^^^^^^^^^^^^^^^^^^^^^^^^^^^^^^^^^^^^^
  File "C:\Users\Naman Sharma\Documents\codeweave\env\Lib\site-packages\django\shortcuts.py", line 25, in render
    content = loader.render_to_string(template_name, context, request, using=using)
              ^^^^^^^^^^^^^^^^^^^^^^^^^^^^^^^^^^^^^^^^^^^^^^^^^^^^^^^^^^^^^^^^^^^^^
  File "C:\Users\Naman Sharma\Documents\codeweave\env\Lib\site-packages\django\template\loader.py", line 62, in render_to_string
    return template.render(context, request)
           ^^^^^^^^^^^^^^^^^^^^^^^^^^^^^^^^^
  File "C:\Users\Naman Sharma\Documents\codeweave\env\Lib\site-packages\django\template\backends\django.py", line 107, in render
    return self.template.render(context)
           ^^^^^^^^^^^^^^^^^^^^^^^^^^^^^
  File "C:\Users\Naman Sharma\Documents\codeweave\env\Lib\site-packages\django\template\base.py", line 171, in render
    return self._render(context)
           ^^^^^^^^^^^^^^^^^^^^^
  File "C:\Users\Naman Sharma\Documents\codeweave\env\Lib\site-packages\django\template\base.py", line 163, in _render
    return self.nodelist.render(context)
           ^^^^^^^^^^^^^^^^^^^^^^^^^^^^^
  File "C:\Users\Naman Sharma\Documents\codeweave\env\Lib\site-packages\django\template\base.py", line 1008, in render
    return SafeString("".join([node.render_annotated(context) for node in self]))
                               ^^^^^^^^^^^^^^^^^^^^^^^^^^^^^^
  File "C:\Users\Naman Sharma\Documents\codeweave\env\Lib\site-packages\django\template\base.py", line 969, in render_annotated
    return self.render(context)
           ^^^^^^^^^^^^^^^^^^^^
  File "C:\Users\Naman Sharma\Documents\codeweave\env\Lib\site-packages\django\template\defaulttags.py", line 480, in render
    url = reverse(view_name, args=args, kwargs=kwargs, current_app=current_app)
          ^^^^^^^^^^^^^^^^^^^^^^^^^^^^^^^^^^^^^^^^^^^^^^^^^^^^^^^^^^^^^^^^^^^^^
  File "C:\Users\Naman Sharma\Documents\codeweave\env\Lib\site-packages\django\urls\base.py", line 88, in reverse
    return resolver._reverse_with_prefix(view, prefix, *args, **kwargs)
           ^^^^^^^^^^^^^^^^^^^^^^^^^^^^^^^^^^^^^^^^^^^^^^^^^^^^^^^^^^^^
  File "C:\Users\Naman Sharma\Documents\codeweave\env\Lib\site-packages\django\urls\resolvers.py", line 831, in _reverse_with_prefix
    raise NoReverseMatch(msg)
django.urls.exceptions.NoReverseMatch: Reverse for 'password_reset' not found. 'password_reset' is not a valid view function or pattern name.
2025-04-03 17:33:03,150 - WARNING - Not Found: /api/placeholder/200/200
2025-04-03 17:33:03,192 - WARNING - Not Found: /api/placeholder/500/500
2025-04-03 17:33:03,205 - WARNING - Not Found: /script.js
2025-04-03 17:33:03,212 - WARNING - Not Found: /api/placeholder/400/300
2025-04-03 17:33:03,222 - WARNING - Not Found: /api/placeholder/200/200
2025-04-03 17:33:07,769 - ERROR - Internal Server Error: /users/login/
Traceback (most recent call last):
  File "C:\Users\Naman Sharma\Documents\codeweave\env\Lib\site-packages\django\core\handlers\exception.py", line 55, in inner
    response = get_response(request)
               ^^^^^^^^^^^^^^^^^^^^^
  File "C:\Users\Naman Sharma\Documents\codeweave\env\Lib\site-packages\django\core\handlers\base.py", line 197, in _get_response
    response = wrapped_callback(request, *callback_args, **callback_kwargs)
               ^^^^^^^^^^^^^^^^^^^^^^^^^^^^^^^^^^^^^^^^^^^^^^^^^^^^^^^^^^^^
  File "C:\Users\Naman Sharma\Documents\codeweave\cw_webapp\users\views.py", line 55, in login_view
    return render(request, "login.html", {"form": form})
           ^^^^^^^^^^^^^^^^^^^^^^^^^^^^^^^^^^^^^^^^^^^^^
  File "C:\Users\Naman Sharma\Documents\codeweave\env\Lib\site-packages\django\shortcuts.py", line 25, in render
    content = loader.render_to_string(template_name, context, request, using=using)
              ^^^^^^^^^^^^^^^^^^^^^^^^^^^^^^^^^^^^^^^^^^^^^^^^^^^^^^^^^^^^^^^^^^^^^
  File "C:\Users\Naman Sharma\Documents\codeweave\env\Lib\site-packages\django\template\loader.py", line 62, in render_to_string
    return template.render(context, request)
           ^^^^^^^^^^^^^^^^^^^^^^^^^^^^^^^^^
  File "C:\Users\Naman Sharma\Documents\codeweave\env\Lib\site-packages\django\template\backends\django.py", line 107, in render
    return self.template.render(context)
           ^^^^^^^^^^^^^^^^^^^^^^^^^^^^^
  File "C:\Users\Naman Sharma\Documents\codeweave\env\Lib\site-packages\django\template\base.py", line 171, in render
    return self._render(context)
           ^^^^^^^^^^^^^^^^^^^^^
  File "C:\Users\Naman Sharma\Documents\codeweave\env\Lib\site-packages\django\template\base.py", line 163, in _render
    return self.nodelist.render(context)
           ^^^^^^^^^^^^^^^^^^^^^^^^^^^^^
  File "C:\Users\Naman Sharma\Documents\codeweave\env\Lib\site-packages\django\template\base.py", line 1008, in render
    return SafeString("".join([node.render_annotated(context) for node in self]))
                               ^^^^^^^^^^^^^^^^^^^^^^^^^^^^^^
  File "C:\Users\Naman Sharma\Documents\codeweave\env\Lib\site-packages\django\template\base.py", line 969, in render_annotated
    return self.render(context)
           ^^^^^^^^^^^^^^^^^^^^
  File "C:\Users\Naman Sharma\Documents\codeweave\env\Lib\site-packages\django\template\defaulttags.py", line 480, in render
    url = reverse(view_name, args=args, kwargs=kwargs, current_app=current_app)
          ^^^^^^^^^^^^^^^^^^^^^^^^^^^^^^^^^^^^^^^^^^^^^^^^^^^^^^^^^^^^^^^^^^^^^
  File "C:\Users\Naman Sharma\Documents\codeweave\env\Lib\site-packages\django\urls\base.py", line 88, in reverse
    return resolver._reverse_with_prefix(view, prefix, *args, **kwargs)
           ^^^^^^^^^^^^^^^^^^^^^^^^^^^^^^^^^^^^^^^^^^^^^^^^^^^^^^^^^^^^
  File "C:\Users\Naman Sharma\Documents\codeweave\env\Lib\site-packages\django\urls\resolvers.py", line 831, in _reverse_with_prefix
    raise NoReverseMatch(msg)
django.urls.exceptions.NoReverseMatch: Reverse for 'password_reset' not found. 'password_reset' is not a valid view function or pattern name.
2025-04-03 17:35:01,512 - WARNING - Forbidden (CSRF token from POST incorrect.): /users/login/
2025-04-03 17:35:49,908 - WARNING - Forbidden (CSRF token from POST incorrect.): /users/login/
2025-04-03 17:39:25,790 - INFO - C:\Users\Naman Sharma\Documents\codeweave\cw_webapp\api\views.py changed, reloading.
2025-04-04 02:08:16,280 - WARNING - Not Found: /api/placeholder/200/200
2025-04-04 02:08:16,293 - WARNING - Not Found: /api/placeholder/500/500
2025-04-04 02:08:16,342 - WARNING - Not Found: /script.js
2025-04-04 02:08:16,508 - WARNING - Not Found: /api/placeholder/400/300
2025-04-04 02:08:16,606 - WARNING - Not Found: /api/placeholder/200/200
2025-04-04 02:08:16,622 - WARNING - Not Found: /api/placeholder/500/500
2025-04-04 02:08:16,631 - WARNING - Not Found: /api/placeholder/400/300
2025-04-04 02:08:17,208 - WARNING - Not Found: /scene.gltf
2025-04-04 02:09:42,616 - INFO - C:\Users\Naman Sharma\Documents\codeweave\cw_webapp\api\views.py changed, reloading.
2025-04-04 02:10:16,420 - INFO - C:\Users\Naman Sharma\Documents\codeweave\cw_webapp\api\views.py changed, reloading.
2025-04-04 02:10:44,786 - WARNING - Not Found: /script.js
2025-04-04 02:10:44,902 - WARNING - Not Found: /scene.gltf
2025-04-04 02:10:45,003 - ERROR - Internal Server Error: /api/placeholder/500/500/
Traceback (most recent call last):
  File "C:\Users\Naman Sharma\Documents\codeweave\env\Lib\site-packages\django\core\handlers\exception.py", line 55, in inner
    response = get_response(request)
               ^^^^^^^^^^^^^^^^^^^^^
  File "C:\Users\Naman Sharma\Documents\codeweave\env\Lib\site-packages\django\core\handlers\base.py", line 197, in _get_response
    response = wrapped_callback(request, *callback_args, **callback_kwargs)
               ^^^^^^^^^^^^^^^^^^^^^^^^^^^^^^^^^^^^^^^^^^^^^^^^^^^^^^^^^^^^
  File "C:\Users\Naman Sharma\Documents\codeweave\env\Lib\site-packages\django\views\decorators\csrf.py", line 65, in _view_wrapper
    return view_func(request, *args, **kwargs)
           ^^^^^^^^^^^^^^^^^^^^^^^^^^^^^^^^^^^
  File "C:\Users\Naman Sharma\Documents\codeweave\cw_webapp\api\views.py", line 78, in placeholder_image
    from PIL import Image, ImageDraw
ModuleNotFoundError: No module named 'PIL'
2025-04-04 02:10:45,027 - ERROR - Internal Server Error: /api/placeholder/200/200/
Traceback (most recent call last):
  File "C:\Users\Naman Sharma\Documents\codeweave\env\Lib\site-packages\django\core\handlers\exception.py", line 55, in inner
    response = get_response(request)
               ^^^^^^^^^^^^^^^^^^^^^
  File "C:\Users\Naman Sharma\Documents\codeweave\env\Lib\site-packages\django\core\handlers\base.py", line 197, in _get_response
    response = wrapped_callback(request, *callback_args, **callback_kwargs)
               ^^^^^^^^^^^^^^^^^^^^^^^^^^^^^^^^^^^^^^^^^^^^^^^^^^^^^^^^^^^^
  File "C:\Users\Naman Sharma\Documents\codeweave\env\Lib\site-packages\django\views\decorators\csrf.py", line 65, in _view_wrapper
    return view_func(request, *args, **kwargs)
           ^^^^^^^^^^^^^^^^^^^^^^^^^^^^^^^^^^^
  File "C:\Users\Naman Sharma\Documents\codeweave\cw_webapp\api\views.py", line 78, in placeholder_image
    from PIL import Image, ImageDraw
ModuleNotFoundError: No module named 'PIL'
2025-04-04 02:10:45,030 - ERROR - Internal Server Error: /api/placeholder/400/300/
Traceback (most recent call last):
  File "C:\Users\Naman Sharma\Documents\codeweave\env\Lib\site-packages\django\core\handlers\exception.py", line 55, in inner
    response = get_response(request)
               ^^^^^^^^^^^^^^^^^^^^^
  File "C:\Users\Naman Sharma\Documents\codeweave\env\Lib\site-packages\django\core\handlers\base.py", line 197, in _get_response
    response = wrapped_callback(request, *callback_args, **callback_kwargs)
               ^^^^^^^^^^^^^^^^^^^^^^^^^^^^^^^^^^^^^^^^^^^^^^^^^^^^^^^^^^^^
  File "C:\Users\Naman Sharma\Documents\codeweave\env\Lib\site-packages\django\views\decorators\csrf.py", line 65, in _view_wrapper
    return view_func(request, *args, **kwargs)
           ^^^^^^^^^^^^^^^^^^^^^^^^^^^^^^^^^^^
  File "C:\Users\Naman Sharma\Documents\codeweave\cw_webapp\api\views.py", line 78, in placeholder_image
    from PIL import Image, ImageDraw
ModuleNotFoundError: No module named 'PIL'
2025-04-04 02:13:14,548 - WARNING - Not Found: /script.js
2025-04-04 02:13:16,986 - WARNING - Not Found: /scene.gltf
2025-04-04 02:14:45,411 - ERROR - Internal Server Error: /
Traceback (most recent call last):
  File "C:\Users\Naman Sharma\Documents\codeweave\env\Lib\site-packages\django\template\base.py", line 510, in parse
    compile_func = self.tags[command]
                   ~~~~~~~~~^^^^^^^^^
KeyError: 'static'

During handling of the above exception, another exception occurred:

Traceback (most recent call last):
  File "C:\Users\Naman Sharma\Documents\codeweave\env\Lib\site-packages\django\core\handlers\exception.py", line 55, in inner
    response = get_response(request)
               ^^^^^^^^^^^^^^^^^^^^^
  File "C:\Users\Naman Sharma\Documents\codeweave\env\Lib\site-packages\django\core\handlers\base.py", line 197, in _get_response
    response = wrapped_callback(request, *callback_args, **callback_kwargs)
               ^^^^^^^^^^^^^^^^^^^^^^^^^^^^^^^^^^^^^^^^^^^^^^^^^^^^^^^^^^^^
  File "C:\Users\Naman Sharma\Documents\codeweave\cw_webapp\users\views.py", line 73, in home_view
    return render(request, "index.html")
           ^^^^^^^^^^^^^^^^^^^^^^^^^^^^^
  File "C:\Users\Naman Sharma\Documents\codeweave\env\Lib\site-packages\django\shortcuts.py", line 25, in render
    content = loader.render_to_string(template_name, context, request, using=using)
              ^^^^^^^^^^^^^^^^^^^^^^^^^^^^^^^^^^^^^^^^^^^^^^^^^^^^^^^^^^^^^^^^^^^^^
  File "C:\Users\Naman Sharma\Documents\codeweave\env\Lib\site-packages\django\template\loader.py", line 61, in render_to_string
    template = get_template(template_name, using=using)
               ^^^^^^^^^^^^^^^^^^^^^^^^^^^^^^^^^^^^^^^^
  File "C:\Users\Naman Sharma\Documents\codeweave\env\Lib\site-packages\django\template\loader.py", line 15, in get_template
    return engine.get_template(template_name)
           ^^^^^^^^^^^^^^^^^^^^^^^^^^^^^^^^^^
  File "C:\Users\Naman Sharma\Documents\codeweave\env\Lib\site-packages\django\template\backends\django.py", line 79, in get_template
    return Template(self.engine.get_template(template_name), self)
                    ^^^^^^^^^^^^^^^^^^^^^^^^^^^^^^^^^^^^^^^
  File "C:\Users\Naman Sharma\Documents\codeweave\env\Lib\site-packages\django\template\engine.py", line 177, in get_template
    template, origin = self.find_template(template_name)
                       ^^^^^^^^^^^^^^^^^^^^^^^^^^^^^^^^^
  File "C:\Users\Naman Sharma\Documents\codeweave\env\Lib\site-packages\django\template\engine.py", line 159, in find_template
    template = loader.get_template(name, skip=skip)
               ^^^^^^^^^^^^^^^^^^^^^^^^^^^^^^^^^^^^
  File "C:\Users\Naman Sharma\Documents\codeweave\env\Lib\site-packages\django\template\loaders\cached.py", line 57, in get_template
    template = super().get_template(template_name, skip)
               ^^^^^^^^^^^^^^^^^^^^^^^^^^^^^^^^^^^^^^^^^
  File "C:\Users\Naman Sharma\Documents\codeweave\env\Lib\site-packages\django\template\loaders\base.py", line 28, in get_template
    return Template(
           ^^^^^^^^^
  File "C:\Users\Naman Sharma\Documents\codeweave\env\Lib\site-packages\django\template\base.py", line 154, in __init__
    self.nodelist = self.compile_nodelist()
                    ^^^^^^^^^^^^^^^^^^^^^^^
  File "C:\Users\Naman Sharma\Documents\codeweave\env\Lib\site-packages\django\template\base.py", line 196, in compile_nodelist
    nodelist = parser.parse()
               ^^^^^^^^^^^^^^
  File "C:\Users\Naman Sharma\Documents\codeweave\env\Lib\site-packages\django\template\base.py", line 512, in parse
    self.invalid_block_tag(token, command, parse_until)
  File "C:\Users\Naman Sharma\Documents\codeweave\env\Lib\site-packages\django\template\base.py", line 573, in invalid_block_tag
    raise self.error(
django.template.exceptions.TemplateSyntaxError: Invalid block tag on line 2283: 'static'. Did you forget to register or load this tag?
2025-04-04 02:17:04,666 - INFO - C:\Users\Naman Sharma\Documents\codeweave\cw_webapp\api\urls.py changed, reloading.
2025-04-04 02:17:12,238 - ERROR - Internal Server Error: /
Traceback (most recent call last):
  File "C:\Users\Naman Sharma\Documents\codeweave\env\Lib\site-packages\django\template\base.py", line 510, in parse
    compile_func = self.tags[command]
                   ~~~~~~~~~^^^^^^^^^
KeyError: 'static'

During handling of the above exception, another exception occurred:

Traceback (most recent call last):
  File "C:\Users\Naman Sharma\Documents\codeweave\env\Lib\site-packages\django\core\handlers\exception.py", line 55, in inner
    response = get_response(request)
               ^^^^^^^^^^^^^^^^^^^^^
  File "C:\Users\Naman Sharma\Documents\codeweave\env\Lib\site-packages\django\core\handlers\base.py", line 197, in _get_response
    response = wrapped_callback(request, *callback_args, **callback_kwargs)
               ^^^^^^^^^^^^^^^^^^^^^^^^^^^^^^^^^^^^^^^^^^^^^^^^^^^^^^^^^^^^
  File "C:\Users\Naman Sharma\Documents\codeweave\cw_webapp\users\views.py", line 73, in home_view
    return render(request, "index.html")
           ^^^^^^^^^^^^^^^^^^^^^^^^^^^^^
  File "C:\Users\Naman Sharma\Documents\codeweave\env\Lib\site-packages\django\shortcuts.py", line 25, in render
    content = loader.render_to_string(template_name, context, request, using=using)
              ^^^^^^^^^^^^^^^^^^^^^^^^^^^^^^^^^^^^^^^^^^^^^^^^^^^^^^^^^^^^^^^^^^^^^
  File "C:\Users\Naman Sharma\Documents\codeweave\env\Lib\site-packages\django\template\loader.py", line 61, in render_to_string
    template = get_template(template_name, using=using)
               ^^^^^^^^^^^^^^^^^^^^^^^^^^^^^^^^^^^^^^^^
  File "C:\Users\Naman Sharma\Documents\codeweave\env\Lib\site-packages\django\template\loader.py", line 15, in get_template
    return engine.get_template(template_name)
           ^^^^^^^^^^^^^^^^^^^^^^^^^^^^^^^^^^
  File "C:\Users\Naman Sharma\Documents\codeweave\env\Lib\site-packages\django\template\backends\django.py", line 79, in get_template
    return Template(self.engine.get_template(template_name), self)
                    ^^^^^^^^^^^^^^^^^^^^^^^^^^^^^^^^^^^^^^^
  File "C:\Users\Naman Sharma\Documents\codeweave\env\Lib\site-packages\django\template\engine.py", line 177, in get_template
    template, origin = self.find_template(template_name)
                       ^^^^^^^^^^^^^^^^^^^^^^^^^^^^^^^^^
  File "C:\Users\Naman Sharma\Documents\codeweave\env\Lib\site-packages\django\template\engine.py", line 159, in find_template
    template = loader.get_template(name, skip=skip)
               ^^^^^^^^^^^^^^^^^^^^^^^^^^^^^^^^^^^^
  File "C:\Users\Naman Sharma\Documents\codeweave\env\Lib\site-packages\django\template\loaders\cached.py", line 57, in get_template
    template = super().get_template(template_name, skip)
               ^^^^^^^^^^^^^^^^^^^^^^^^^^^^^^^^^^^^^^^^^
  File "C:\Users\Naman Sharma\Documents\codeweave\env\Lib\site-packages\django\template\loaders\base.py", line 28, in get_template
    return Template(
           ^^^^^^^^^
  File "C:\Users\Naman Sharma\Documents\codeweave\env\Lib\site-packages\django\template\base.py", line 154, in __init__
    self.nodelist = self.compile_nodelist()
                    ^^^^^^^^^^^^^^^^^^^^^^^
  File "C:\Users\Naman Sharma\Documents\codeweave\env\Lib\site-packages\django\template\base.py", line 196, in compile_nodelist
    nodelist = parser.parse()
               ^^^^^^^^^^^^^^
  File "C:\Users\Naman Sharma\Documents\codeweave\env\Lib\site-packages\django\template\base.py", line 512, in parse
    self.invalid_block_tag(token, command, parse_until)
  File "C:\Users\Naman Sharma\Documents\codeweave\env\Lib\site-packages\django\template\base.py", line 573, in invalid_block_tag
    raise self.error(
django.template.exceptions.TemplateSyntaxError: Invalid block tag on line 2283: 'static'. Did you forget to register or load this tag?
2025-04-04 02:17:23,966 - ERROR - Internal Server Error: /
Traceback (most recent call last):
  File "C:\Users\Naman Sharma\Documents\codeweave\env\Lib\site-packages\django\template\base.py", line 510, in parse
    compile_func = self.tags[command]
                   ~~~~~~~~~^^^^^^^^^
KeyError: 'static'

During handling of the above exception, another exception occurred:

Traceback (most recent call last):
  File "C:\Users\Naman Sharma\Documents\codeweave\env\Lib\site-packages\django\core\handlers\exception.py", line 55, in inner
    response = get_response(request)
               ^^^^^^^^^^^^^^^^^^^^^
  File "C:\Users\Naman Sharma\Documents\codeweave\env\Lib\site-packages\django\core\handlers\base.py", line 197, in _get_response
    response = wrapped_callback(request, *callback_args, **callback_kwargs)
               ^^^^^^^^^^^^^^^^^^^^^^^^^^^^^^^^^^^^^^^^^^^^^^^^^^^^^^^^^^^^
  File "C:\Users\Naman Sharma\Documents\codeweave\cw_webapp\users\views.py", line 73, in home_view
    return render(request, "index.html")
           ^^^^^^^^^^^^^^^^^^^^^^^^^^^^^
  File "C:\Users\Naman Sharma\Documents\codeweave\env\Lib\site-packages\django\shortcuts.py", line 25, in render
    content = loader.render_to_string(template_name, context, request, using=using)
              ^^^^^^^^^^^^^^^^^^^^^^^^^^^^^^^^^^^^^^^^^^^^^^^^^^^^^^^^^^^^^^^^^^^^^
  File "C:\Users\Naman Sharma\Documents\codeweave\env\Lib\site-packages\django\template\loader.py", line 61, in render_to_string
    template = get_template(template_name, using=using)
               ^^^^^^^^^^^^^^^^^^^^^^^^^^^^^^^^^^^^^^^^
  File "C:\Users\Naman Sharma\Documents\codeweave\env\Lib\site-packages\django\template\loader.py", line 15, in get_template
    return engine.get_template(template_name)
           ^^^^^^^^^^^^^^^^^^^^^^^^^^^^^^^^^^
  File "C:\Users\Naman Sharma\Documents\codeweave\env\Lib\site-packages\django\template\backends\django.py", line 79, in get_template
    return Template(self.engine.get_template(template_name), self)
                    ^^^^^^^^^^^^^^^^^^^^^^^^^^^^^^^^^^^^^^^
  File "C:\Users\Naman Sharma\Documents\codeweave\env\Lib\site-packages\django\template\engine.py", line 177, in get_template
    template, origin = self.find_template(template_name)
                       ^^^^^^^^^^^^^^^^^^^^^^^^^^^^^^^^^
  File "C:\Users\Naman Sharma\Documents\codeweave\env\Lib\site-packages\django\template\engine.py", line 159, in find_template
    template = loader.get_template(name, skip=skip)
               ^^^^^^^^^^^^^^^^^^^^^^^^^^^^^^^^^^^^
  File "C:\Users\Naman Sharma\Documents\codeweave\env\Lib\site-packages\django\template\loaders\cached.py", line 57, in get_template
    template = super().get_template(template_name, skip)
               ^^^^^^^^^^^^^^^^^^^^^^^^^^^^^^^^^^^^^^^^^
  File "C:\Users\Naman Sharma\Documents\codeweave\env\Lib\site-packages\django\template\loaders\base.py", line 28, in get_template
    return Template(
           ^^^^^^^^^
  File "C:\Users\Naman Sharma\Documents\codeweave\env\Lib\site-packages\django\template\base.py", line 154, in __init__
    self.nodelist = self.compile_nodelist()
                    ^^^^^^^^^^^^^^^^^^^^^^^
  File "C:\Users\Naman Sharma\Documents\codeweave\env\Lib\site-packages\django\template\base.py", line 196, in compile_nodelist
    nodelist = parser.parse()
               ^^^^^^^^^^^^^^
  File "C:\Users\Naman Sharma\Documents\codeweave\env\Lib\site-packages\django\template\base.py", line 512, in parse
    self.invalid_block_tag(token, command, parse_until)
  File "C:\Users\Naman Sharma\Documents\codeweave\env\Lib\site-packages\django\template\base.py", line 573, in invalid_block_tag
    raise self.error(
django.template.exceptions.TemplateSyntaxError: Invalid block tag on line 2283: 'static'. Did you forget to register or load this tag?
2025-04-04 02:17:25,063 - ERROR - Internal Server Error: /
Traceback (most recent call last):
  File "C:\Users\Naman Sharma\Documents\codeweave\env\Lib\site-packages\django\template\base.py", line 510, in parse
    compile_func = self.tags[command]
                   ~~~~~~~~~^^^^^^^^^
KeyError: 'static'

During handling of the above exception, another exception occurred:

Traceback (most recent call last):
  File "C:\Users\Naman Sharma\Documents\codeweave\env\Lib\site-packages\django\core\handlers\exception.py", line 55, in inner
    response = get_response(request)
               ^^^^^^^^^^^^^^^^^^^^^
  File "C:\Users\Naman Sharma\Documents\codeweave\env\Lib\site-packages\django\core\handlers\base.py", line 197, in _get_response
    response = wrapped_callback(request, *callback_args, **callback_kwargs)
               ^^^^^^^^^^^^^^^^^^^^^^^^^^^^^^^^^^^^^^^^^^^^^^^^^^^^^^^^^^^^
  File "C:\Users\Naman Sharma\Documents\codeweave\cw_webapp\users\views.py", line 73, in home_view
    return render(request, "index.html")
           ^^^^^^^^^^^^^^^^^^^^^^^^^^^^^
  File "C:\Users\Naman Sharma\Documents\codeweave\env\Lib\site-packages\django\shortcuts.py", line 25, in render
    content = loader.render_to_string(template_name, context, request, using=using)
              ^^^^^^^^^^^^^^^^^^^^^^^^^^^^^^^^^^^^^^^^^^^^^^^^^^^^^^^^^^^^^^^^^^^^^
  File "C:\Users\Naman Sharma\Documents\codeweave\env\Lib\site-packages\django\template\loader.py", line 61, in render_to_string
    template = get_template(template_name, using=using)
               ^^^^^^^^^^^^^^^^^^^^^^^^^^^^^^^^^^^^^^^^
  File "C:\Users\Naman Sharma\Documents\codeweave\env\Lib\site-packages\django\template\loader.py", line 15, in get_template
    return engine.get_template(template_name)
           ^^^^^^^^^^^^^^^^^^^^^^^^^^^^^^^^^^
  File "C:\Users\Naman Sharma\Documents\codeweave\env\Lib\site-packages\django\template\backends\django.py", line 79, in get_template
    return Template(self.engine.get_template(template_name), self)
                    ^^^^^^^^^^^^^^^^^^^^^^^^^^^^^^^^^^^^^^^
  File "C:\Users\Naman Sharma\Documents\codeweave\env\Lib\site-packages\django\template\engine.py", line 177, in get_template
    template, origin = self.find_template(template_name)
                       ^^^^^^^^^^^^^^^^^^^^^^^^^^^^^^^^^
  File "C:\Users\Naman Sharma\Documents\codeweave\env\Lib\site-packages\django\template\engine.py", line 159, in find_template
    template = loader.get_template(name, skip=skip)
               ^^^^^^^^^^^^^^^^^^^^^^^^^^^^^^^^^^^^
  File "C:\Users\Naman Sharma\Documents\codeweave\env\Lib\site-packages\django\template\loaders\cached.py", line 57, in get_template
    template = super().get_template(template_name, skip)
               ^^^^^^^^^^^^^^^^^^^^^^^^^^^^^^^^^^^^^^^^^
  File "C:\Users\Naman Sharma\Documents\codeweave\env\Lib\site-packages\django\template\loaders\base.py", line 28, in get_template
    return Template(
           ^^^^^^^^^
  File "C:\Users\Naman Sharma\Documents\codeweave\env\Lib\site-packages\django\template\base.py", line 154, in __init__
    self.nodelist = self.compile_nodelist()
                    ^^^^^^^^^^^^^^^^^^^^^^^
  File "C:\Users\Naman Sharma\Documents\codeweave\env\Lib\site-packages\django\template\base.py", line 196, in compile_nodelist
    nodelist = parser.parse()
               ^^^^^^^^^^^^^^
  File "C:\Users\Naman Sharma\Documents\codeweave\env\Lib\site-packages\django\template\base.py", line 512, in parse
    self.invalid_block_tag(token, command, parse_until)
  File "C:\Users\Naman Sharma\Documents\codeweave\env\Lib\site-packages\django\template\base.py", line 573, in invalid_block_tag
    raise self.error(
django.template.exceptions.TemplateSyntaxError: Invalid block tag on line 2283: 'static'. Did you forget to register or load this tag?
2025-04-04 02:18:10,821 - WARNING - Not Found: /api/placeholder/200/200/
2025-04-04 02:18:10,830 - WARNING - Not Found: /api/placeholder/500/500/
2025-04-04 02:18:10,844 - WARNING - Not Found: /api/placeholder/400/300/
2025-04-04 02:18:36,569 - INFO - C:\Users\Naman Sharma\Documents\codeweave\cw_webapp\api\views.py changed, reloading.
2025-04-04 02:18:48,574 - ERROR - Internal Server Error: /
Traceback (most recent call last):
  File "C:\Users\Naman Sharma\Documents\codeweave\env\Lib\site-packages\django\template\base.py", line 510, in parse
    compile_func = self.tags[command]
                   ~~~~~~~~~^^^^^^^^^
KeyError: 'static'

During handling of the above exception, another exception occurred:

Traceback (most recent call last):
  File "C:\Users\Naman Sharma\Documents\codeweave\env\Lib\site-packages\django\core\handlers\exception.py", line 55, in inner
    response = get_response(request)
               ^^^^^^^^^^^^^^^^^^^^^
  File "C:\Users\Naman Sharma\Documents\codeweave\env\Lib\site-packages\django\core\handlers\base.py", line 197, in _get_response
    response = wrapped_callback(request, *callback_args, **callback_kwargs)
               ^^^^^^^^^^^^^^^^^^^^^^^^^^^^^^^^^^^^^^^^^^^^^^^^^^^^^^^^^^^^
  File "C:\Users\Naman Sharma\Documents\codeweave\cw_webapp\users\views.py", line 73, in home_view
    return render(request, "index.html")
           ^^^^^^^^^^^^^^^^^^^^^^^^^^^^^
  File "C:\Users\Naman Sharma\Documents\codeweave\env\Lib\site-packages\django\shortcuts.py", line 25, in render
    content = loader.render_to_string(template_name, context, request, using=using)
              ^^^^^^^^^^^^^^^^^^^^^^^^^^^^^^^^^^^^^^^^^^^^^^^^^^^^^^^^^^^^^^^^^^^^^
  File "C:\Users\Naman Sharma\Documents\codeweave\env\Lib\site-packages\django\template\loader.py", line 61, in render_to_string
    template = get_template(template_name, using=using)
               ^^^^^^^^^^^^^^^^^^^^^^^^^^^^^^^^^^^^^^^^
  File "C:\Users\Naman Sharma\Documents\codeweave\env\Lib\site-packages\django\template\loader.py", line 15, in get_template
    return engine.get_template(template_name)
           ^^^^^^^^^^^^^^^^^^^^^^^^^^^^^^^^^^
  File "C:\Users\Naman Sharma\Documents\codeweave\env\Lib\site-packages\django\template\backends\django.py", line 79, in get_template
    return Template(self.engine.get_template(template_name), self)
                    ^^^^^^^^^^^^^^^^^^^^^^^^^^^^^^^^^^^^^^^
  File "C:\Users\Naman Sharma\Documents\codeweave\env\Lib\site-packages\django\template\engine.py", line 177, in get_template
    template, origin = self.find_template(template_name)
                       ^^^^^^^^^^^^^^^^^^^^^^^^^^^^^^^^^
  File "C:\Users\Naman Sharma\Documents\codeweave\env\Lib\site-packages\django\template\engine.py", line 159, in find_template
    template = loader.get_template(name, skip=skip)
               ^^^^^^^^^^^^^^^^^^^^^^^^^^^^^^^^^^^^
  File "C:\Users\Naman Sharma\Documents\codeweave\env\Lib\site-packages\django\template\loaders\cached.py", line 57, in get_template
    template = super().get_template(template_name, skip)
               ^^^^^^^^^^^^^^^^^^^^^^^^^^^^^^^^^^^^^^^^^
  File "C:\Users\Naman Sharma\Documents\codeweave\env\Lib\site-packages\django\template\loaders\base.py", line 28, in get_template
    return Template(
           ^^^^^^^^^
  File "C:\Users\Naman Sharma\Documents\codeweave\env\Lib\site-packages\django\template\base.py", line 154, in __init__
    self.nodelist = self.compile_nodelist()
                    ^^^^^^^^^^^^^^^^^^^^^^^
  File "C:\Users\Naman Sharma\Documents\codeweave\env\Lib\site-packages\django\template\base.py", line 196, in compile_nodelist
    nodelist = parser.parse()
               ^^^^^^^^^^^^^^
  File "C:\Users\Naman Sharma\Documents\codeweave\env\Lib\site-packages\django\template\base.py", line 512, in parse
    self.invalid_block_tag(token, command, parse_until)
  File "C:\Users\Naman Sharma\Documents\codeweave\env\Lib\site-packages\django\template\base.py", line 573, in invalid_block_tag
    raise self.error(
django.template.exceptions.TemplateSyntaxError: Invalid block tag on line 2283: 'static'. Did you forget to register or load this tag?
2025-04-04 02:19:33,284 - WARNING - Not Found: /script.js
2025-04-04 02:19:54,209 - INFO - C:\Users\Naman Sharma\Documents\codeweave\cw_webapp\api\urls.py changed, reloading.
2025-04-04 02:20:05,234 - WARNING - Not Found: /api/placeholder/200/200/
2025-04-04 02:20:05,249 - WARNING - Not Found: /api/placeholder/500/500/
2025-04-04 02:20:05,277 - WARNING - Not Found: /script.js
2025-04-04 02:20:05,301 - WARNING - Not Found: /api/placeholder/400/300/
2025-04-04 02:20:05,355 - WARNING - Not Found: /scene.gltf
2025-04-04 02:23:31,280 - WARNING - Forbidden (CSRF token from POST incorrect.): /users/login/
2025-04-04 02:24:33,832 - WARNING - Forbidden (CSRF token from POST incorrect.): /users/login/
2025-04-04 02:27:25,036 - WARNING - Not Found: /users/create_project/index.html
2025-04-04 02:28:02,675 - WARNING - Not Found: /api/placeholder/200/200/
2025-04-04 02:28:02,683 - WARNING - Not Found: /api/placeholder/500/500/
2025-04-04 02:28:02,692 - WARNING - Not Found: /script.js
2025-04-04 02:28:03,436 - WARNING - Not Found: /api/placeholder/400/300/
2025-04-04 02:28:03,442 - WARNING - Not Found: /scene.gltf
2025-04-04 02:28:29,375 - WARNING - Not Found: /api/placeholder/200/200/
2025-04-04 02:28:29,380 - WARNING - Not Found: /api/placeholder/500/500/
2025-04-04 02:28:29,392 - WARNING - Not Found: /script.js
2025-04-04 02:28:29,555 - WARNING - Not Found: /api/placeholder/400/300/
2025-04-04 02:28:29,592 - WARNING - Not Found: /scene.gltf
2025-04-04 09:38:38,199 - WARNING - Not Found: /api/placeholder/500/500/
2025-04-04 09:38:38,219 - WARNING - Not Found: /api/placeholder/200/200/
2025-04-04 09:38:38,247 - WARNING - Not Found: /script.js
2025-04-04 09:38:39,898 - WARNING - Not Found: /api/placeholder/400/300/
2025-04-04 09:38:39,903 - WARNING - Not Found: /api/placeholder/200/200/
2025-04-04 09:38:39,922 - WARNING - Not Found: /api/placeholder/500/500/
2025-04-04 09:38:39,937 - WARNING - Not Found: /api/placeholder/400/300/
2025-04-04 09:38:40,071 - WARNING - Not Found: /scene.gltf
2025-04-04 09:38:40,295 - WARNING - Not Found: /favicon.ico
2025-04-04 09:39:11,261 - WARNING - Not Found: /api/placeholder/200/200/
2025-04-04 09:39:11,277 - WARNING - Not Found: /api/placeholder/500/500/
2025-04-04 09:39:11,286 - WARNING - Not Found: /script.js
2025-04-04 09:39:11,554 - WARNING - Not Found: /api/placeholder/400/300/
2025-04-04 09:39:11,686 - WARNING - Not Found: /scene.gltf
2025-04-04 09:39:51,635 - WARNING - Not Found: /api/placeholder/200/200/
2025-04-04 09:39:51,643 - WARNING - Not Found: /api/placeholder/500/500/
2025-04-04 09:39:51,654 - WARNING - Not Found: /script.js
2025-04-04 09:39:54,358 - WARNING - Not Found: /api/placeholder/400/300/
2025-04-04 09:39:54,465 - WARNING - Not Found: /scene.gltf
2025-04-04 09:41:22,519 - WARNING - Not Found: /api/placeholder/200/200/
2025-04-04 09:41:22,530 - WARNING - Not Found: /api/placeholder/500/500/
2025-04-04 09:41:22,555 - WARNING - Not Found: /script.js
2025-04-04 09:41:22,593 - WARNING - Not Found: /api/placeholder/400/300/
2025-04-04 09:41:22,628 - WARNING - Not Found: /api/placeholder/200/200/
2025-04-04 09:41:22,637 - WARNING - Not Found: /api/placeholder/500/500/
2025-04-04 09:41:22,683 - WARNING - Not Found: /scene.gltf
2025-04-04 09:43:15,460 - WARNING - Not Found: /api/placeholder/200/200/
2025-04-04 09:43:15,465 - WARNING - Not Found: /api/placeholder/500/500/
2025-04-04 09:43:15,472 - WARNING - Not Found: /script.js
2025-04-04 09:43:15,483 - WARNING - Not Found: /api/placeholder/400/300/
2025-04-04 09:43:15,543 - WARNING - Not Found: /scene.gltf
2025-04-04 09:43:17,793 - WARNING - Not Found: /api/placeholder/200/200/
2025-04-04 09:43:17,802 - WARNING - Not Found: /api/placeholder/500/500/
2025-04-04 09:43:17,812 - WARNING - Not Found: /script.js
2025-04-04 09:43:17,825 - WARNING - Not Found: /api/placeholder/400/300/
2025-04-04 09:43:17,947 - WARNING - Not Found: /api/placeholder/200/200/
2025-04-04 09:43:17,957 - WARNING - Not Found: /api/placeholder/500/500/
2025-04-04 09:43:17,965 - WARNING - Not Found: /script.js
2025-04-04 09:43:17,977 - WARNING - Not Found: /api/placeholder/400/300/
2025-04-04 09:43:18,048 - WARNING - Not Found: /scene.gltf
2025-04-04 09:43:18,360 - WARNING - Not Found: /api/placeholder/500/500/
2025-04-04 09:43:18,372 - WARNING - Not Found: /script.js
2025-04-04 09:43:18,382 - WARNING - Not Found: /api/placeholder/200/200/
2025-04-04 09:43:18,602 - WARNING - Not Found: /api/placeholder/200/200/
2025-04-04 09:43:18,624 - WARNING - Not Found: /api/placeholder/500/500/
2025-04-04 09:43:18,641 - WARNING - Not Found: /script.js
2025-04-04 09:43:18,648 - WARNING - Not Found: /api/placeholder/400/300/
2025-04-04 09:43:18,844 - WARNING - Not Found: /api/placeholder/200/200/
2025-04-04 09:43:18,853 - WARNING - Not Found: /api/placeholder/500/500/
2025-04-04 09:43:18,872 - WARNING - Not Found: /script.js
2025-04-04 09:43:19,119 - WARNING - Not Found: /api/placeholder/200/200/
2025-04-04 09:43:19,140 - WARNING - Not Found: /script.js
2025-04-04 09:43:19,154 - WARNING - Not Found: /api/placeholder/500/500/
2025-04-04 09:43:19,173 - WARNING - Not Found: /api/placeholder/400/300/
2025-04-04 09:43:19,416 - WARNING - Not Found: /api/placeholder/200/200/
2025-04-04 09:43:19,430 - WARNING - Not Found: /api/placeholder/500/500/
2025-04-04 09:43:19,446 - WARNING - Not Found: /script.js
2025-04-04 09:43:19,457 - WARNING - Not Found: /api/placeholder/400/300/
2025-04-04 09:43:19,542 - WARNING - Not Found: /scene.gltf
2025-04-04 09:49:59,639 - WARNING - Not Found: /scene.gltf
2025-04-04 11:25:56,294 - WARNING - Not Found: /favicon.ico
2025-04-04 13:15:57,506 - WARNING - Unauthorized: /projects/save_code/
2025-04-04 13:26:35,740 - INFO - C:\Users\Naman Sharma\Documents\codeweave\cw_webapp\projects\views.py changed, reloading.
2025-04-04 13:27:43,601 - INFO - C:\Users\Naman Sharma\Documents\codeweave\cw_webapp\projects\views.py changed, reloading.
2025-04-04 13:38:32,386 - ERROR - Internal Server Error: /projects/save_project/
2025-04-04 13:40:00,090 - ERROR - Internal Server Error: /projects/save_project/
2025-04-04 13:40:50,279 - ERROR - Internal Server Error: /projects/save_project/
2025-04-05 14:56:04,579 - WARNING - Not Found: /favicon.ico
2025-04-05 15:02:08,562 - INFO - C:\Users\Naman Sharma\Documents\codeweave\cw_webapp\users\views.py changed, reloading.
2025-04-05 15:06:23,459 - INFO - C:\Users\Naman Sharma\Documents\codeweave\cw_webapp\users\urls.py changed, reloading.
2025-04-05 15:51:57,527 - WARNING - Not Found: /projects/delete_project/1/
2025-04-05 15:52:35,880 - WARNING - Not Found: /projects/delete_project/2/
2025-04-05 15:54:36,904 - INFO - C:\Users\Naman Sharma\Documents\codeweave\cw_webapp\users\urls.py changed, reloading.
2025-04-05 15:55:43,890 - WARNING - Not Found: /projects/delete_project/1/
2025-04-05 15:56:21,269 - WARNING - Not Found: /projects/delete_project/1/
2025-04-05 16:00:49,073 - WARNING - Not Found: /projects/delete_project/2/
2025-04-05 16:02:30,949 - INFO - C:\Users\Naman Sharma\Documents\codeweave\cw_webapp\projects\views.py changed, reloading.
2025-04-05 16:04:43,039 - INFO - C:\Users\Naman Sharma\Documents\codeweave\cw_webapp\users\urls.py changed, reloading.
2025-04-05 16:04:55,938 - WARNING - Not Found: /projects/delete_project/1/
2025-04-05 16:43:46,566 - INFO - C:\Users\Naman Sharma\Documents\codeweave\cw_webapp\projects\urls.py changed, reloading.
2025-04-05 16:48:38,511 - ERROR - Internal Server Error: /users/login/
Traceback (most recent call last):
  File "C:\Users\Naman Sharma\Documents\codeweave\env\Lib\site-packages\django\core\handlers\exception.py", line 55, in inner
    response = get_response(request)
               ^^^^^^^^^^^^^^^^^^^^^
  File "C:\Users\Naman Sharma\Documents\codeweave\env\Lib\site-packages\django\core\handlers\base.py", line 197, in _get_response
    response = wrapped_callback(request, *callback_args, **callback_kwargs)
               ^^^^^^^^^^^^^^^^^^^^^^^^^^^^^^^^^^^^^^^^^^^^^^^^^^^^^^^^^^^^
  File "C:\Users\Naman Sharma\Documents\codeweave\cw_webapp\users\views.py", line 69, in login_view
    return render(request, "login.html", {"form": form})
           ^^^^^^^^^^^^^^^^^^^^^^^^^^^^^^^^^^^^^^^^^^^^^
  File "C:\Users\Naman Sharma\Documents\codeweave\env\Lib\site-packages\django\shortcuts.py", line 25, in render
    content = loader.render_to_string(template_name, context, request, using=using)
              ^^^^^^^^^^^^^^^^^^^^^^^^^^^^^^^^^^^^^^^^^^^^^^^^^^^^^^^^^^^^^^^^^^^^^
  File "C:\Users\Naman Sharma\Documents\codeweave\env\Lib\site-packages\django\template\loader.py", line 62, in render_to_string
    return template.render(context, request)
           ^^^^^^^^^^^^^^^^^^^^^^^^^^^^^^^^^
  File "C:\Users\Naman Sharma\Documents\codeweave\env\Lib\site-packages\django\template\backends\django.py", line 107, in render
    return self.template.render(context)
           ^^^^^^^^^^^^^^^^^^^^^^^^^^^^^
  File "C:\Users\Naman Sharma\Documents\codeweave\env\Lib\site-packages\django\template\base.py", line 171, in render
    return self._render(context)
           ^^^^^^^^^^^^^^^^^^^^^
  File "C:\Users\Naman Sharma\Documents\codeweave\env\Lib\site-packages\django\template\base.py", line 163, in _render
    return self.nodelist.render(context)
           ^^^^^^^^^^^^^^^^^^^^^^^^^^^^^
  File "C:\Users\Naman Sharma\Documents\codeweave\env\Lib\site-packages\django\template\base.py", line 1008, in render
    return SafeString("".join([node.render_annotated(context) for node in self]))
                               ^^^^^^^^^^^^^^^^^^^^^^^^^^^^^^
  File "C:\Users\Naman Sharma\Documents\codeweave\env\Lib\site-packages\django\template\base.py", line 969, in render_annotated
    return self.render(context)
           ^^^^^^^^^^^^^^^^^^^^
  File "C:\Users\Naman Sharma\Documents\codeweave\env\Lib\site-packages\django\template\library.py", line 237, in render
    output = self.func(*resolved_args, **resolved_kwargs)
             ^^^^^^^^^^^^^^^^^^^^^^^^^^^^^^^^^^^^^^^^^^^^
  File "C:\Users\Naman Sharma\Documents\codeweave\env\Lib\site-packages\allauth\socialaccount\templatetags\socialaccount.py", line 21, in provider_login_url
    provider = adapter.get_provider(request, provider)
               ^^^^^^^^^^^^^^^^^^^^^^^^^^^^^^^^^^^^^^^
  File "C:\Users\Naman Sharma\Documents\codeweave\env\Lib\site-packages\allauth\socialaccount\adapter.py", line 213, in get_provider
    app = self.get_app(request, provider=provider, client_id=client_id)
          ^^^^^^^^^^^^^^^^^^^^^^^^^^^^^^^^^^^^^^^^^^^^^^^^^^^^^^^^^^^^^
  File "C:\Users\Naman Sharma\Documents\codeweave\env\Lib\site-packages\allauth\socialaccount\adapter.py", line 303, in get_app
    raise SocialApp.DoesNotExist()
allauth.socialaccount.models.SocialApp.DoesNotExist
2025-04-05 16:55:07,833 - WARNING - Not Found: /favicon.ico
2025-04-05 16:58:58,962 - WARNING - Bad Request: /users/login/
2025-04-05 17:56:48,538 - INFO - C:\Users\Naman Sharma\Documents\codeweave\cw_webapp\auth_system\settings.py changed, reloading.
2025-04-05 18:08:04,815 - ERROR - Invalid HTTP_HOST header: '127.0.0.1:8000'. You may need to add '127.0.0.1' to ALLOWED_HOSTS.
Traceback (most recent call last):
  File "C:\Users\Naman Sharma\Documents\codeweave\env\Lib\site-packages\django\core\handlers\exception.py", line 55, in inner
    response = get_response(request)
               ^^^^^^^^^^^^^^^^^^^^^
  File "C:\Users\Naman Sharma\Documents\codeweave\env\Lib\site-packages\django\utils\deprecation.py", line 128, in __call__
    response = self.process_request(request)
               ^^^^^^^^^^^^^^^^^^^^^^^^^^^^^
  File "C:\Users\Naman Sharma\Documents\codeweave\env\Lib\site-packages\django\middleware\common.py", line 48, in process_request
    host = request.get_host()
           ^^^^^^^^^^^^^^^^^^
  File "C:\Users\Naman Sharma\Documents\codeweave\env\Lib\site-packages\django\http\request.py", line 151, in get_host
    raise DisallowedHost(msg)
django.core.exceptions.DisallowedHost: Invalid HTTP_HOST header: '127.0.0.1:8000'. You may need to add '127.0.0.1' to ALLOWED_HOSTS.
2025-04-05 18:08:04,942 - WARNING - Bad Request: /
2025-04-05 18:08:43,491 - INFO - C:\Users\Naman Sharma\Documents\codeweave\cw_webapp\auth_system\settings.py changed, reloading.
2025-04-06 04:05:05,883 - INFO - C:\Users\Naman Sharma\Documents\codeweave\cw_webapp\api\views.py changed, reloading.
2025-04-06 04:08:15,843 - INFO - C:\Users\Naman Sharma\Documents\codeweave\cw_webapp\api\urls.py changed, reloading.
2025-04-06 04:10:47,540 - INFO - C:\Users\Naman Sharma\Documents\codeweave\cw_webapp\api\views.py changed, reloading.
2025-04-06 04:11:42,990 - INFO - Initialized model: gemini-1.5-pro
2025-04-06 04:11:57,578 - INFO - Endpoint: /api/roadmap/ | Method: POST | Duration: 14.587659s | Status: 200
2025-04-06 04:13:15,582 - INFO - C:\Users\Naman Sharma\Documents\codeweave\cw_webapp\api\views.py changed, reloading.
2025-04-06 04:13:43,229 - INFO - Initialized model: gemini-1.5-pro
2025-04-06 04:13:59,607 - INFO - Endpoint: /api/roadmap/ | Method: POST | Duration: 16.377105s | Status: 200
2025-04-06 04:14:57,309 - INFO - C:\Users\Naman Sharma\Documents\codeweave\cw_webapp\api\views.py changed, reloading.
2025-04-06 04:15:31,769 - INFO - Initialized model: gemini-1.5-pro
2025-04-06 04:16:04,226 - ERROR - Failed to parse JSON response
2025-04-06 04:16:04,269 - INFO - Endpoint: /api/roadmap/ | Method: POST | Duration: 32.50041s | Status: 200
2025-04-06 04:16:31,287 - INFO - Initialized model: gemini-1.5-pro
2025-04-06 04:17:14,215 - INFO - Endpoint: /api/roadmap/ | Method: POST | Duration: 42.928034s | Status: 200
2025-04-06 04:19:34,616 - INFO - C:\Users\Naman Sharma\Documents\codeweave\cw_webapp\projects\views.py changed, reloading.
2025-04-06 04:20:45,095 - INFO - C:\Users\Naman Sharma\Documents\codeweave\cw_webapp\users\views.py changed, reloading.
2025-04-06 04:21:33,154 - INFO - C:\Users\Naman Sharma\Documents\codeweave\cw_webapp\api\views.py changed, reloading.
2025-04-06 04:21:59,714 - INFO - Initialized model: gemini-1.5-pro
2025-04-06 04:22:49,178 - INFO - Endpoint: /api/roadmap/ | Method: POST | Duration: 49.46403s | Status: 200
2025-04-06 04:24:14,944 - INFO - C:\Users\Naman Sharma\Documents\codeweave\cw_webapp\users\views.py changed, reloading.
2025-04-06 04:25:46,507 - INFO - C:\Users\Naman Sharma\Documents\codeweave\cw_webapp\users\views.py changed, reloading.
2025-04-06 04:26:13,453 - INFO - Initialized model: gemini-1.5-pro
2025-04-06 04:26:52,287 - INFO - Endpoint: /api/roadmap/ | Method: POST | Duration: 38.8405s | Status: 200
2025-04-06 04:27:40,478 - INFO - C:\Users\Naman Sharma\Documents\codeweave\cw_webapp\users\views.py changed, reloading.
2025-04-06 04:28:30,224 - INFO - C:\Users\Naman Sharma\Documents\codeweave\cw_webapp\users\views.py changed, reloading.
2025-04-06 04:29:08,988 - INFO - C:\Users\Naman Sharma\Documents\codeweave\cw_webapp\users\views.py changed, reloading.
2025-04-06 04:29:40,108 - INFO - C:\Users\Naman Sharma\Documents\codeweave\cw_webapp\auth_system\urls.py changed, reloading.
2025-04-06 04:30:40,885 - INFO - C:\Users\Naman Sharma\Documents\codeweave\cw_webapp\users\views.py changed, reloading.
2025-04-06 04:30:56,453 - INFO - Initialized model: gemini-1.5-pro
2025-04-06 04:31:29,963 - ERROR - Failed to parse JSON response
2025-04-06 04:31:30,017 - INFO - Endpoint: /api/roadmap/ | Method: POST | Duration: 33.563842s | Status: 200
2025-04-06 04:32:04,548 - INFO - C:\Users\Naman Sharma\Documents\codeweave\cw_webapp\users\views.py changed, reloading.
2025-04-06 04:35:03,298 - INFO - Initialized model: gemini-1.5-pro
2025-04-06 04:35:31,232 - ERROR - Failed to parse JSON response
2025-04-06 04:35:31,282 - INFO - Endpoint: /api/roadmap/ | Method: POST | Duration: 27.983931s | Status: 200
2025-04-06 04:36:43,668 - INFO - Initialized model: gemini-1.5-pro
2025-04-06 04:37:29,354 - INFO - Endpoint: /api/roadmap/ | Method: POST | Duration: 45.685712s | Status: 200
2025-04-06 15:27:45,929 - WARNING - Not Found: /favicon.ico
2025-04-06 15:28:37,679 - INFO - Initialized model: gemini-1.5-pro
2025-04-06 15:29:24,353 - INFO - Endpoint: /api/roadmap/ | Method: POST | Duration: 46.674021s | Status: 200
2025-04-06 15:29:30,449 - INFO - C:\Users\Naman Sharma\Documents\codeweave\cw_webapp\auth_system\settings.py changed, reloading.
2025-04-06 15:33:02,886 - INFO - C:\Users\Naman Sharma\Documents\codeweave\cw_webapp\auth_system\settings.py changed, reloading.
2025-04-06 15:33:09,120 - INFO - C:\Users\Naman Sharma\Documents\codeweave\cw_webapp\auth_system\settings.py changed, reloading.
2025-04-06 15:36:44,389 - INFO - C:\Users\Naman Sharma\Documents\codeweave\cw_webapp\dev_env\models.py changed, reloading.
2025-04-06 15:37:30,871 - INFO - C:\Users\Naman Sharma\Documents\codeweave\cw_webapp\auth_system\urls.py changed, reloading.
2025-04-06 15:37:37,750 - INFO - C:\Users\Naman Sharma\Documents\codeweave\cw_webapp\projects\urls.py changed, reloading.
2025-04-06 15:37:52,689 - INFO - C:\Users\Naman Sharma\Documents\codeweave\cw_webapp\projects\views.py changed, reloading.
2025-04-06 15:38:03,390 - INFO - C:\Users\Naman Sharma\Documents\codeweave\cw_webapp\projects\urls.py changed, reloading.
2025-04-06 15:38:12,982 - INFO - C:\Users\Naman Sharma\Documents\codeweave\cw_webapp\projects\models.py changed, reloading.
2025-04-06 15:39:38,887 - INFO - C:\Users\Naman Sharma\Documents\codeweave\cw_webapp\dev_env\views.py changed, reloading.
2025-04-06 15:44:02,852 - WARNING - Not Found: /projects/dev_environment/11/
2025-04-06 15:44:25,408 - INFO - C:\Users\Naman Sharma\Documents\codeweave\cw_webapp\dev_env\urls.py changed, reloading.
2025-04-06 15:44:32,908 - WARNING - Not Found: /projects/dev_environment/11/
2025-04-06 15:44:34,414 - WARNING - Not Found: /projects/dev_environment/11/
2025-04-06 15:44:34,998 - WARNING - Not Found: /projects/dev_environment/11/
2025-04-06 15:44:35,528 - WARNING - Not Found: /projects/dev_environment/11/
2025-04-06 15:44:35,900 - WARNING - Not Found: /projects/dev_environment/11/
2025-04-06 15:44:36,189 - WARNING - Not Found: /projects/dev_environment/11/
2025-04-06 15:45:49,655 - ERROR - Internal Server Error: /dashboard/
Traceback (most recent call last):
  File "C:\Users\Naman Sharma\Documents\codeweave\env\Lib\site-packages\django\db\backends\utils.py", line 105, in _execute
    return self.cursor.execute(sql, params)
           ^^^^^^^^^^^^^^^^^^^^^^^^^^^^^^^^
  File "C:\Users\Naman Sharma\Documents\codeweave\env\Lib\site-packages\django\db\backends\sqlite3\base.py", line 354, in execute
    return super().execute(query, params)
           ^^^^^^^^^^^^^^^^^^^^^^^^^^^^^^
sqlite3.OperationalError: no such column: projects_project.updated_at

The above exception was the direct cause of the following exception:

Traceback (most recent call last):
  File "C:\Users\Naman Sharma\Documents\codeweave\env\Lib\site-packages\django\core\handlers\exception.py", line 55, in inner
    response = get_response(request)
               ^^^^^^^^^^^^^^^^^^^^^
  File "C:\Users\Naman Sharma\Documents\codeweave\env\Lib\site-packages\django\core\handlers\base.py", line 197, in _get_response
    response = wrapped_callback(request, *callback_args, **callback_kwargs)
               ^^^^^^^^^^^^^^^^^^^^^^^^^^^^^^^^^^^^^^^^^^^^^^^^^^^^^^^^^^^^
  File "C:\Users\Naman Sharma\Documents\codeweave\env\Lib\site-packages\django\contrib\auth\decorators.py", line 60, in _view_wrapper
    return view_func(request, *args, **kwargs)
           ^^^^^^^^^^^^^^^^^^^^^^^^^^^^^^^^^^^
  File "C:\Users\Naman Sharma\Documents\codeweave\cw_webapp\users\views.py", line 110, in dashboard_view
    return render(request, "dashboard.html", {"projects": projects})
           ^^^^^^^^^^^^^^^^^^^^^^^^^^^^^^^^^^^^^^^^^^^^^^^^^^^^^^^^^
  File "C:\Users\Naman Sharma\Documents\codeweave\env\Lib\site-packages\django\shortcuts.py", line 25, in render
    content = loader.render_to_string(template_name, context, request, using=using)
              ^^^^^^^^^^^^^^^^^^^^^^^^^^^^^^^^^^^^^^^^^^^^^^^^^^^^^^^^^^^^^^^^^^^^^
  File "C:\Users\Naman Sharma\Documents\codeweave\env\Lib\site-packages\django\template\loader.py", line 62, in render_to_string
    return template.render(context, request)
           ^^^^^^^^^^^^^^^^^^^^^^^^^^^^^^^^^
  File "C:\Users\Naman Sharma\Documents\codeweave\env\Lib\site-packages\django\template\backends\django.py", line 107, in render
    return self.template.render(context)
           ^^^^^^^^^^^^^^^^^^^^^^^^^^^^^
  File "C:\Users\Naman Sharma\Documents\codeweave\env\Lib\site-packages\django\template\base.py", line 171, in render
    return self._render(context)
           ^^^^^^^^^^^^^^^^^^^^^
  File "C:\Users\Naman Sharma\Documents\codeweave\env\Lib\site-packages\django\template\base.py", line 163, in _render
    return self.nodelist.render(context)
           ^^^^^^^^^^^^^^^^^^^^^^^^^^^^^
  File "C:\Users\Naman Sharma\Documents\codeweave\env\Lib\site-packages\django\template\base.py", line 1008, in render
    return SafeString("".join([node.render_annotated(context) for node in self]))
                               ^^^^^^^^^^^^^^^^^^^^^^^^^^^^^^
  File "C:\Users\Naman Sharma\Documents\codeweave\env\Lib\site-packages\django\template\base.py", line 969, in render_annotated
    return self.render(context)
           ^^^^^^^^^^^^^^^^^^^^
  File "C:\Users\Naman Sharma\Documents\codeweave\env\Lib\site-packages\django\template\base.py", line 1067, in render
    output = self.filter_expression.resolve(context)
             ^^^^^^^^^^^^^^^^^^^^^^^^^^^^^^^^^^^^^^^
  File "C:\Users\Naman Sharma\Documents\codeweave\env\Lib\site-packages\django\template\base.py", line 745, in resolve
    new_obj = func(obj, *arg_vals)
              ^^^^^^^^^^^^^^^^^^^^
  File "C:\Users\Naman Sharma\Documents\codeweave\env\Lib\site-packages\django\template\defaultfilters.py", line 632, in length
    return len(value)
           ^^^^^^^^^^
  File "C:\Users\Naman Sharma\Documents\codeweave\env\Lib\site-packages\django\db\models\query.py", line 382, in __len__
    self._fetch_all()
  File "C:\Users\Naman Sharma\Documents\codeweave\env\Lib\site-packages\django\db\models\query.py", line 1928, in _fetch_all
    self._result_cache = list(self._iterable_class(self))
                         ^^^^^^^^^^^^^^^^^^^^^^^^^^^^^^^^
  File "C:\Users\Naman Sharma\Documents\codeweave\env\Lib\site-packages\django\db\models\query.py", line 91, in __iter__
    results = compiler.execute_sql(
              ^^^^^^^^^^^^^^^^^^^^^
  File "C:\Users\Naman Sharma\Documents\codeweave\env\Lib\site-packages\django\db\models\sql\compiler.py", line 1574, in execute_sql
    cursor.execute(sql, params)
  File "C:\Users\Naman Sharma\Documents\codeweave\env\Lib\site-packages\django\db\backends\utils.py", line 122, in execute
    return super().execute(sql, params)
           ^^^^^^^^^^^^^^^^^^^^^^^^^^^^
  File "C:\Users\Naman Sharma\Documents\codeweave\env\Lib\site-packages\django\db\backends\utils.py", line 79, in execute
    return self._execute_with_wrappers(
           ^^^^^^^^^^^^^^^^^^^^^^^^^^^^
  File "C:\Users\Naman Sharma\Documents\codeweave\env\Lib\site-packages\django\db\backends\utils.py", line 92, in _execute_with_wrappers
    return executor(sql, params, many, context)
           ^^^^^^^^^^^^^^^^^^^^^^^^^^^^^^^^^^^^
  File "C:\Users\Naman Sharma\Documents\codeweave\env\Lib\site-packages\django\db\backends\utils.py", line 100, in _execute
    with self.db.wrap_database_errors:
         ^^^^^^^^^^^^^^^^^^^^^^^^^^^^
  File "C:\Users\Naman Sharma\Documents\codeweave\env\Lib\site-packages\django\db\utils.py", line 91, in __exit__
    raise dj_exc_value.with_traceback(traceback) from exc_value
  File "C:\Users\Naman Sharma\Documents\codeweave\env\Lib\site-packages\django\db\backends\utils.py", line 105, in _execute
    return self.cursor.execute(sql, params)
           ^^^^^^^^^^^^^^^^^^^^^^^^^^^^^^^^
  File "C:\Users\Naman Sharma\Documents\codeweave\env\Lib\site-packages\django\db\backends\sqlite3\base.py", line 354, in execute
    return super().execute(query, params)
           ^^^^^^^^^^^^^^^^^^^^^^^^^^^^^^
django.db.utils.OperationalError: no such column: projects_project.updated_at
2025-04-06 15:46:22,707 - INFO - C:\Users\Naman Sharma\Documents\codeweave\cw_webapp\projects\views.py changed, reloading.
2025-04-06 15:47:30,077 - INFO - C:\Users\Naman Sharma\Documents\codeweave\cw_webapp\projects\models.py changed, reloading.
2025-04-06 15:47:38,685 - INFO - C:\Users\Naman Sharma\Documents\codeweave\cw_webapp\projects\migrations\0002_project_updated_at.py changed, reloading.
2025-04-06 15:48:14,447 - ERROR - Internal Server Error: /dashboard/
Traceback (most recent call last):
  File "C:\Users\Naman Sharma\Documents\codeweave\env\Lib\site-packages\django\db\backends\utils.py", line 105, in _execute
    return self.cursor.execute(sql, params)
           ^^^^^^^^^^^^^^^^^^^^^^^^^^^^^^^^
  File "C:\Users\Naman Sharma\Documents\codeweave\env\Lib\site-packages\django\db\backends\sqlite3\base.py", line 354, in execute
    return super().execute(query, params)
           ^^^^^^^^^^^^^^^^^^^^^^^^^^^^^^
sqlite3.OperationalError: no such column: projects_project.updated_at

The above exception was the direct cause of the following exception:

Traceback (most recent call last):
  File "C:\Users\Naman Sharma\Documents\codeweave\env\Lib\site-packages\django\core\handlers\exception.py", line 55, in inner
    response = get_response(request)
               ^^^^^^^^^^^^^^^^^^^^^
  File "C:\Users\Naman Sharma\Documents\codeweave\env\Lib\site-packages\django\core\handlers\base.py", line 197, in _get_response
    response = wrapped_callback(request, *callback_args, **callback_kwargs)
               ^^^^^^^^^^^^^^^^^^^^^^^^^^^^^^^^^^^^^^^^^^^^^^^^^^^^^^^^^^^^
  File "C:\Users\Naman Sharma\Documents\codeweave\env\Lib\site-packages\django\contrib\auth\decorators.py", line 60, in _view_wrapper
    return view_func(request, *args, **kwargs)
           ^^^^^^^^^^^^^^^^^^^^^^^^^^^^^^^^^^^
  File "C:\Users\Naman Sharma\Documents\codeweave\cw_webapp\users\views.py", line 110, in dashboard_view
    return render(request, "dashboard.html", {"projects": projects})
           ^^^^^^^^^^^^^^^^^^^^^^^^^^^^^^^^^^^^^^^^^^^^^^^^^^^^^^^^^
  File "C:\Users\Naman Sharma\Documents\codeweave\env\Lib\site-packages\django\shortcuts.py", line 25, in render
    content = loader.render_to_string(template_name, context, request, using=using)
              ^^^^^^^^^^^^^^^^^^^^^^^^^^^^^^^^^^^^^^^^^^^^^^^^^^^^^^^^^^^^^^^^^^^^^
  File "C:\Users\Naman Sharma\Documents\codeweave\env\Lib\site-packages\django\template\loader.py", line 62, in render_to_string
    return template.render(context, request)
           ^^^^^^^^^^^^^^^^^^^^^^^^^^^^^^^^^
  File "C:\Users\Naman Sharma\Documents\codeweave\env\Lib\site-packages\django\template\backends\django.py", line 107, in render
    return self.template.render(context)
           ^^^^^^^^^^^^^^^^^^^^^^^^^^^^^
  File "C:\Users\Naman Sharma\Documents\codeweave\env\Lib\site-packages\django\template\base.py", line 171, in render
    return self._render(context)
           ^^^^^^^^^^^^^^^^^^^^^
  File "C:\Users\Naman Sharma\Documents\codeweave\env\Lib\site-packages\django\template\base.py", line 163, in _render
    return self.nodelist.render(context)
           ^^^^^^^^^^^^^^^^^^^^^^^^^^^^^
  File "C:\Users\Naman Sharma\Documents\codeweave\env\Lib\site-packages\django\template\base.py", line 1008, in render
    return SafeString("".join([node.render_annotated(context) for node in self]))
                               ^^^^^^^^^^^^^^^^^^^^^^^^^^^^^^
  File "C:\Users\Naman Sharma\Documents\codeweave\env\Lib\site-packages\django\template\base.py", line 969, in render_annotated
    return self.render(context)
           ^^^^^^^^^^^^^^^^^^^^
  File "C:\Users\Naman Sharma\Documents\codeweave\env\Lib\site-packages\django\template\base.py", line 1067, in render
    output = self.filter_expression.resolve(context)
             ^^^^^^^^^^^^^^^^^^^^^^^^^^^^^^^^^^^^^^^
  File "C:\Users\Naman Sharma\Documents\codeweave\env\Lib\site-packages\django\template\base.py", line 745, in resolve
    new_obj = func(obj, *arg_vals)
              ^^^^^^^^^^^^^^^^^^^^
  File "C:\Users\Naman Sharma\Documents\codeweave\env\Lib\site-packages\django\template\defaultfilters.py", line 632, in length
    return len(value)
           ^^^^^^^^^^
  File "C:\Users\Naman Sharma\Documents\codeweave\env\Lib\site-packages\django\db\models\query.py", line 382, in __len__
    self._fetch_all()
  File "C:\Users\Naman Sharma\Documents\codeweave\env\Lib\site-packages\django\db\models\query.py", line 1928, in _fetch_all
    self._result_cache = list(self._iterable_class(self))
                         ^^^^^^^^^^^^^^^^^^^^^^^^^^^^^^^^
  File "C:\Users\Naman Sharma\Documents\codeweave\env\Lib\site-packages\django\db\models\query.py", line 91, in __iter__
    results = compiler.execute_sql(
              ^^^^^^^^^^^^^^^^^^^^^
  File "C:\Users\Naman Sharma\Documents\codeweave\env\Lib\site-packages\django\db\models\sql\compiler.py", line 1574, in execute_sql
    cursor.execute(sql, params)
  File "C:\Users\Naman Sharma\Documents\codeweave\env\Lib\site-packages\django\db\backends\utils.py", line 122, in execute
    return super().execute(sql, params)
           ^^^^^^^^^^^^^^^^^^^^^^^^^^^^
  File "C:\Users\Naman Sharma\Documents\codeweave\env\Lib\site-packages\django\db\backends\utils.py", line 79, in execute
    return self._execute_with_wrappers(
           ^^^^^^^^^^^^^^^^^^^^^^^^^^^^
  File "C:\Users\Naman Sharma\Documents\codeweave\env\Lib\site-packages\django\db\backends\utils.py", line 92, in _execute_with_wrappers
    return executor(sql, params, many, context)
           ^^^^^^^^^^^^^^^^^^^^^^^^^^^^^^^^^^^^
  File "C:\Users\Naman Sharma\Documents\codeweave\env\Lib\site-packages\django\db\backends\utils.py", line 100, in _execute
    with self.db.wrap_database_errors:
         ^^^^^^^^^^^^^^^^^^^^^^^^^^^^
  File "C:\Users\Naman Sharma\Documents\codeweave\env\Lib\site-packages\django\db\utils.py", line 91, in __exit__
    raise dj_exc_value.with_traceback(traceback) from exc_value
  File "C:\Users\Naman Sharma\Documents\codeweave\env\Lib\site-packages\django\db\backends\utils.py", line 105, in _execute
    return self.cursor.execute(sql, params)
           ^^^^^^^^^^^^^^^^^^^^^^^^^^^^^^^^
  File "C:\Users\Naman Sharma\Documents\codeweave\env\Lib\site-packages\django\db\backends\sqlite3\base.py", line 354, in execute
    return super().execute(query, params)
           ^^^^^^^^^^^^^^^^^^^^^^^^^^^^^^
django.db.utils.OperationalError: no such column: projects_project.updated_at
2025-04-06 15:48:15,527 - ERROR - Internal Server Error: /dashboard/
Traceback (most recent call last):
  File "C:\Users\Naman Sharma\Documents\codeweave\env\Lib\site-packages\django\db\backends\utils.py", line 105, in _execute
    return self.cursor.execute(sql, params)
           ^^^^^^^^^^^^^^^^^^^^^^^^^^^^^^^^
  File "C:\Users\Naman Sharma\Documents\codeweave\env\Lib\site-packages\django\db\backends\sqlite3\base.py", line 354, in execute
    return super().execute(query, params)
           ^^^^^^^^^^^^^^^^^^^^^^^^^^^^^^
sqlite3.OperationalError: no such column: projects_project.updated_at

The above exception was the direct cause of the following exception:

Traceback (most recent call last):
  File "C:\Users\Naman Sharma\Documents\codeweave\env\Lib\site-packages\django\core\handlers\exception.py", line 55, in inner
    response = get_response(request)
               ^^^^^^^^^^^^^^^^^^^^^
  File "C:\Users\Naman Sharma\Documents\codeweave\env\Lib\site-packages\django\core\handlers\base.py", line 197, in _get_response
    response = wrapped_callback(request, *callback_args, **callback_kwargs)
               ^^^^^^^^^^^^^^^^^^^^^^^^^^^^^^^^^^^^^^^^^^^^^^^^^^^^^^^^^^^^
  File "C:\Users\Naman Sharma\Documents\codeweave\env\Lib\site-packages\django\contrib\auth\decorators.py", line 60, in _view_wrapper
    return view_func(request, *args, **kwargs)
           ^^^^^^^^^^^^^^^^^^^^^^^^^^^^^^^^^^^
  File "C:\Users\Naman Sharma\Documents\codeweave\cw_webapp\users\views.py", line 110, in dashboard_view
    return render(request, "dashboard.html", {"projects": projects})
           ^^^^^^^^^^^^^^^^^^^^^^^^^^^^^^^^^^^^^^^^^^^^^^^^^^^^^^^^^
  File "C:\Users\Naman Sharma\Documents\codeweave\env\Lib\site-packages\django\shortcuts.py", line 25, in render
    content = loader.render_to_string(template_name, context, request, using=using)
              ^^^^^^^^^^^^^^^^^^^^^^^^^^^^^^^^^^^^^^^^^^^^^^^^^^^^^^^^^^^^^^^^^^^^^
  File "C:\Users\Naman Sharma\Documents\codeweave\env\Lib\site-packages\django\template\loader.py", line 62, in render_to_string
    return template.render(context, request)
           ^^^^^^^^^^^^^^^^^^^^^^^^^^^^^^^^^
  File "C:\Users\Naman Sharma\Documents\codeweave\env\Lib\site-packages\django\template\backends\django.py", line 107, in render
    return self.template.render(context)
           ^^^^^^^^^^^^^^^^^^^^^^^^^^^^^
  File "C:\Users\Naman Sharma\Documents\codeweave\env\Lib\site-packages\django\template\base.py", line 171, in render
    return self._render(context)
           ^^^^^^^^^^^^^^^^^^^^^
  File "C:\Users\Naman Sharma\Documents\codeweave\env\Lib\site-packages\django\template\base.py", line 163, in _render
    return self.nodelist.render(context)
           ^^^^^^^^^^^^^^^^^^^^^^^^^^^^^
  File "C:\Users\Naman Sharma\Documents\codeweave\env\Lib\site-packages\django\template\base.py", line 1008, in render
    return SafeString("".join([node.render_annotated(context) for node in self]))
                               ^^^^^^^^^^^^^^^^^^^^^^^^^^^^^^
  File "C:\Users\Naman Sharma\Documents\codeweave\env\Lib\site-packages\django\template\base.py", line 969, in render_annotated
    return self.render(context)
           ^^^^^^^^^^^^^^^^^^^^
  File "C:\Users\Naman Sharma\Documents\codeweave\env\Lib\site-packages\django\template\base.py", line 1067, in render
    output = self.filter_expression.resolve(context)
             ^^^^^^^^^^^^^^^^^^^^^^^^^^^^^^^^^^^^^^^
  File "C:\Users\Naman Sharma\Documents\codeweave\env\Lib\site-packages\django\template\base.py", line 745, in resolve
    new_obj = func(obj, *arg_vals)
              ^^^^^^^^^^^^^^^^^^^^
  File "C:\Users\Naman Sharma\Documents\codeweave\env\Lib\site-packages\django\template\defaultfilters.py", line 632, in length
    return len(value)
           ^^^^^^^^^^
  File "C:\Users\Naman Sharma\Documents\codeweave\env\Lib\site-packages\django\db\models\query.py", line 382, in __len__
    self._fetch_all()
  File "C:\Users\Naman Sharma\Documents\codeweave\env\Lib\site-packages\django\db\models\query.py", line 1928, in _fetch_all
    self._result_cache = list(self._iterable_class(self))
                         ^^^^^^^^^^^^^^^^^^^^^^^^^^^^^^^^
  File "C:\Users\Naman Sharma\Documents\codeweave\env\Lib\site-packages\django\db\models\query.py", line 91, in __iter__
    results = compiler.execute_sql(
              ^^^^^^^^^^^^^^^^^^^^^
  File "C:\Users\Naman Sharma\Documents\codeweave\env\Lib\site-packages\django\db\models\sql\compiler.py", line 1574, in execute_sql
    cursor.execute(sql, params)
  File "C:\Users\Naman Sharma\Documents\codeweave\env\Lib\site-packages\django\db\backends\utils.py", line 122, in execute
    return super().execute(sql, params)
           ^^^^^^^^^^^^^^^^^^^^^^^^^^^^
  File "C:\Users\Naman Sharma\Documents\codeweave\env\Lib\site-packages\django\db\backends\utils.py", line 79, in execute
    return self._execute_with_wrappers(
           ^^^^^^^^^^^^^^^^^^^^^^^^^^^^
  File "C:\Users\Naman Sharma\Documents\codeweave\env\Lib\site-packages\django\db\backends\utils.py", line 92, in _execute_with_wrappers
    return executor(sql, params, many, context)
           ^^^^^^^^^^^^^^^^^^^^^^^^^^^^^^^^^^^^
  File "C:\Users\Naman Sharma\Documents\codeweave\env\Lib\site-packages\django\db\backends\utils.py", line 100, in _execute
    with self.db.wrap_database_errors:
         ^^^^^^^^^^^^^^^^^^^^^^^^^^^^
  File "C:\Users\Naman Sharma\Documents\codeweave\env\Lib\site-packages\django\db\utils.py", line 91, in __exit__
    raise dj_exc_value.with_traceback(traceback) from exc_value
  File "C:\Users\Naman Sharma\Documents\codeweave\env\Lib\site-packages\django\db\backends\utils.py", line 105, in _execute
    return self.cursor.execute(sql, params)
           ^^^^^^^^^^^^^^^^^^^^^^^^^^^^^^^^
  File "C:\Users\Naman Sharma\Documents\codeweave\env\Lib\site-packages\django\db\backends\sqlite3\base.py", line 354, in execute
    return super().execute(query, params)
           ^^^^^^^^^^^^^^^^^^^^^^^^^^^^^^
django.db.utils.OperationalError: no such column: projects_project.updated_at
2025-04-06 15:48:15,917 - ERROR - Internal Server Error: /dashboard/
Traceback (most recent call last):
  File "C:\Users\Naman Sharma\Documents\codeweave\env\Lib\site-packages\django\db\backends\utils.py", line 105, in _execute
    return self.cursor.execute(sql, params)
           ^^^^^^^^^^^^^^^^^^^^^^^^^^^^^^^^
  File "C:\Users\Naman Sharma\Documents\codeweave\env\Lib\site-packages\django\db\backends\sqlite3\base.py", line 354, in execute
    return super().execute(query, params)
           ^^^^^^^^^^^^^^^^^^^^^^^^^^^^^^
sqlite3.OperationalError: no such column: projects_project.updated_at

The above exception was the direct cause of the following exception:

Traceback (most recent call last):
  File "C:\Users\Naman Sharma\Documents\codeweave\env\Lib\site-packages\django\core\handlers\exception.py", line 55, in inner
    response = get_response(request)
               ^^^^^^^^^^^^^^^^^^^^^
  File "C:\Users\Naman Sharma\Documents\codeweave\env\Lib\site-packages\django\core\handlers\base.py", line 197, in _get_response
    response = wrapped_callback(request, *callback_args, **callback_kwargs)
               ^^^^^^^^^^^^^^^^^^^^^^^^^^^^^^^^^^^^^^^^^^^^^^^^^^^^^^^^^^^^
  File "C:\Users\Naman Sharma\Documents\codeweave\env\Lib\site-packages\django\contrib\auth\decorators.py", line 60, in _view_wrapper
    return view_func(request, *args, **kwargs)
           ^^^^^^^^^^^^^^^^^^^^^^^^^^^^^^^^^^^
  File "C:\Users\Naman Sharma\Documents\codeweave\cw_webapp\users\views.py", line 110, in dashboard_view
    return render(request, "dashboard.html", {"projects": projects})
           ^^^^^^^^^^^^^^^^^^^^^^^^^^^^^^^^^^^^^^^^^^^^^^^^^^^^^^^^^
  File "C:\Users\Naman Sharma\Documents\codeweave\env\Lib\site-packages\django\shortcuts.py", line 25, in render
    content = loader.render_to_string(template_name, context, request, using=using)
              ^^^^^^^^^^^^^^^^^^^^^^^^^^^^^^^^^^^^^^^^^^^^^^^^^^^^^^^^^^^^^^^^^^^^^
  File "C:\Users\Naman Sharma\Documents\codeweave\env\Lib\site-packages\django\template\loader.py", line 62, in render_to_string
    return template.render(context, request)
           ^^^^^^^^^^^^^^^^^^^^^^^^^^^^^^^^^
  File "C:\Users\Naman Sharma\Documents\codeweave\env\Lib\site-packages\django\template\backends\django.py", line 107, in render
    return self.template.render(context)
           ^^^^^^^^^^^^^^^^^^^^^^^^^^^^^
  File "C:\Users\Naman Sharma\Documents\codeweave\env\Lib\site-packages\django\template\base.py", line 171, in render
    return self._render(context)
           ^^^^^^^^^^^^^^^^^^^^^
  File "C:\Users\Naman Sharma\Documents\codeweave\env\Lib\site-packages\django\template\base.py", line 163, in _render
    return self.nodelist.render(context)
           ^^^^^^^^^^^^^^^^^^^^^^^^^^^^^
  File "C:\Users\Naman Sharma\Documents\codeweave\env\Lib\site-packages\django\template\base.py", line 1008, in render
    return SafeString("".join([node.render_annotated(context) for node in self]))
                               ^^^^^^^^^^^^^^^^^^^^^^^^^^^^^^
  File "C:\Users\Naman Sharma\Documents\codeweave\env\Lib\site-packages\django\template\base.py", line 969, in render_annotated
    return self.render(context)
           ^^^^^^^^^^^^^^^^^^^^
  File "C:\Users\Naman Sharma\Documents\codeweave\env\Lib\site-packages\django\template\base.py", line 1067, in render
    output = self.filter_expression.resolve(context)
             ^^^^^^^^^^^^^^^^^^^^^^^^^^^^^^^^^^^^^^^
  File "C:\Users\Naman Sharma\Documents\codeweave\env\Lib\site-packages\django\template\base.py", line 745, in resolve
    new_obj = func(obj, *arg_vals)
              ^^^^^^^^^^^^^^^^^^^^
  File "C:\Users\Naman Sharma\Documents\codeweave\env\Lib\site-packages\django\template\defaultfilters.py", line 632, in length
    return len(value)
           ^^^^^^^^^^
  File "C:\Users\Naman Sharma\Documents\codeweave\env\Lib\site-packages\django\db\models\query.py", line 382, in __len__
    self._fetch_all()
  File "C:\Users\Naman Sharma\Documents\codeweave\env\Lib\site-packages\django\db\models\query.py", line 1928, in _fetch_all
    self._result_cache = list(self._iterable_class(self))
                         ^^^^^^^^^^^^^^^^^^^^^^^^^^^^^^^^
  File "C:\Users\Naman Sharma\Documents\codeweave\env\Lib\site-packages\django\db\models\query.py", line 91, in __iter__
    results = compiler.execute_sql(
              ^^^^^^^^^^^^^^^^^^^^^
  File "C:\Users\Naman Sharma\Documents\codeweave\env\Lib\site-packages\django\db\models\sql\compiler.py", line 1574, in execute_sql
    cursor.execute(sql, params)
  File "C:\Users\Naman Sharma\Documents\codeweave\env\Lib\site-packages\django\db\backends\utils.py", line 122, in execute
    return super().execute(sql, params)
           ^^^^^^^^^^^^^^^^^^^^^^^^^^^^
  File "C:\Users\Naman Sharma\Documents\codeweave\env\Lib\site-packages\django\db\backends\utils.py", line 79, in execute
    return self._execute_with_wrappers(
           ^^^^^^^^^^^^^^^^^^^^^^^^^^^^
  File "C:\Users\Naman Sharma\Documents\codeweave\env\Lib\site-packages\django\db\backends\utils.py", line 92, in _execute_with_wrappers
    return executor(sql, params, many, context)
           ^^^^^^^^^^^^^^^^^^^^^^^^^^^^^^^^^^^^
  File "C:\Users\Naman Sharma\Documents\codeweave\env\Lib\site-packages\django\db\backends\utils.py", line 100, in _execute
    with self.db.wrap_database_errors:
         ^^^^^^^^^^^^^^^^^^^^^^^^^^^^
  File "C:\Users\Naman Sharma\Documents\codeweave\env\Lib\site-packages\django\db\utils.py", line 91, in __exit__
    raise dj_exc_value.with_traceback(traceback) from exc_value
  File "C:\Users\Naman Sharma\Documents\codeweave\env\Lib\site-packages\django\db\backends\utils.py", line 105, in _execute
    return self.cursor.execute(sql, params)
           ^^^^^^^^^^^^^^^^^^^^^^^^^^^^^^^^
  File "C:\Users\Naman Sharma\Documents\codeweave\env\Lib\site-packages\django\db\backends\sqlite3\base.py", line 354, in execute
    return super().execute(query, params)
           ^^^^^^^^^^^^^^^^^^^^^^^^^^^^^^
django.db.utils.OperationalError: no such column: projects_project.updated_at
2025-04-06 15:51:13,254 - ERROR - Internal Server Error: /dashboard/
Traceback (most recent call last):
  File "C:\Users\Naman Sharma\Documents\codeweave\env\Lib\site-packages\django\db\backends\utils.py", line 105, in _execute
    return self.cursor.execute(sql, params)
           ^^^^^^^^^^^^^^^^^^^^^^^^^^^^^^^^
  File "C:\Users\Naman Sharma\Documents\codeweave\env\Lib\site-packages\django\db\backends\sqlite3\base.py", line 354, in execute
    return super().execute(query, params)
           ^^^^^^^^^^^^^^^^^^^^^^^^^^^^^^
sqlite3.OperationalError: no such column: projects_project.updated_at

The above exception was the direct cause of the following exception:

Traceback (most recent call last):
  File "C:\Users\Naman Sharma\Documents\codeweave\env\Lib\site-packages\django\core\handlers\exception.py", line 55, in inner
    response = get_response(request)
               ^^^^^^^^^^^^^^^^^^^^^
  File "C:\Users\Naman Sharma\Documents\codeweave\env\Lib\site-packages\django\core\handlers\base.py", line 197, in _get_response
    response = wrapped_callback(request, *callback_args, **callback_kwargs)
               ^^^^^^^^^^^^^^^^^^^^^^^^^^^^^^^^^^^^^^^^^^^^^^^^^^^^^^^^^^^^
  File "C:\Users\Naman Sharma\Documents\codeweave\env\Lib\site-packages\django\contrib\auth\decorators.py", line 60, in _view_wrapper
    return view_func(request, *args, **kwargs)
           ^^^^^^^^^^^^^^^^^^^^^^^^^^^^^^^^^^^
  File "C:\Users\Naman Sharma\Documents\codeweave\cw_webapp\users\views.py", line 110, in dashboard_view
    return render(request, "dashboard.html", {"projects": projects})
           ^^^^^^^^^^^^^^^^^^^^^^^^^^^^^^^^^^^^^^^^^^^^^^^^^^^^^^^^^
  File "C:\Users\Naman Sharma\Documents\codeweave\env\Lib\site-packages\django\shortcuts.py", line 25, in render
    content = loader.render_to_string(template_name, context, request, using=using)
              ^^^^^^^^^^^^^^^^^^^^^^^^^^^^^^^^^^^^^^^^^^^^^^^^^^^^^^^^^^^^^^^^^^^^^
  File "C:\Users\Naman Sharma\Documents\codeweave\env\Lib\site-packages\django\template\loader.py", line 62, in render_to_string
    return template.render(context, request)
           ^^^^^^^^^^^^^^^^^^^^^^^^^^^^^^^^^
  File "C:\Users\Naman Sharma\Documents\codeweave\env\Lib\site-packages\django\template\backends\django.py", line 107, in render
    return self.template.render(context)
           ^^^^^^^^^^^^^^^^^^^^^^^^^^^^^
  File "C:\Users\Naman Sharma\Documents\codeweave\env\Lib\site-packages\django\template\base.py", line 171, in render
    return self._render(context)
           ^^^^^^^^^^^^^^^^^^^^^
  File "C:\Users\Naman Sharma\Documents\codeweave\env\Lib\site-packages\django\template\base.py", line 163, in _render
    return self.nodelist.render(context)
           ^^^^^^^^^^^^^^^^^^^^^^^^^^^^^
  File "C:\Users\Naman Sharma\Documents\codeweave\env\Lib\site-packages\django\template\base.py", line 1008, in render
    return SafeString("".join([node.render_annotated(context) for node in self]))
                               ^^^^^^^^^^^^^^^^^^^^^^^^^^^^^^
  File "C:\Users\Naman Sharma\Documents\codeweave\env\Lib\site-packages\django\template\base.py", line 969, in render_annotated
    return self.render(context)
           ^^^^^^^^^^^^^^^^^^^^
  File "C:\Users\Naman Sharma\Documents\codeweave\env\Lib\site-packages\django\template\base.py", line 1067, in render
    output = self.filter_expression.resolve(context)
             ^^^^^^^^^^^^^^^^^^^^^^^^^^^^^^^^^^^^^^^
  File "C:\Users\Naman Sharma\Documents\codeweave\env\Lib\site-packages\django\template\base.py", line 745, in resolve
    new_obj = func(obj, *arg_vals)
              ^^^^^^^^^^^^^^^^^^^^
  File "C:\Users\Naman Sharma\Documents\codeweave\env\Lib\site-packages\django\template\defaultfilters.py", line 632, in length
    return len(value)
           ^^^^^^^^^^
  File "C:\Users\Naman Sharma\Documents\codeweave\env\Lib\site-packages\django\db\models\query.py", line 382, in __len__
    self._fetch_all()
  File "C:\Users\Naman Sharma\Documents\codeweave\env\Lib\site-packages\django\db\models\query.py", line 1928, in _fetch_all
    self._result_cache = list(self._iterable_class(self))
                         ^^^^^^^^^^^^^^^^^^^^^^^^^^^^^^^^
  File "C:\Users\Naman Sharma\Documents\codeweave\env\Lib\site-packages\django\db\models\query.py", line 91, in __iter__
    results = compiler.execute_sql(
              ^^^^^^^^^^^^^^^^^^^^^
  File "C:\Users\Naman Sharma\Documents\codeweave\env\Lib\site-packages\django\db\models\sql\compiler.py", line 1574, in execute_sql
    cursor.execute(sql, params)
  File "C:\Users\Naman Sharma\Documents\codeweave\env\Lib\site-packages\django\db\backends\utils.py", line 122, in execute
    return super().execute(sql, params)
           ^^^^^^^^^^^^^^^^^^^^^^^^^^^^
  File "C:\Users\Naman Sharma\Documents\codeweave\env\Lib\site-packages\django\db\backends\utils.py", line 79, in execute
    return self._execute_with_wrappers(
           ^^^^^^^^^^^^^^^^^^^^^^^^^^^^
  File "C:\Users\Naman Sharma\Documents\codeweave\env\Lib\site-packages\django\db\backends\utils.py", line 92, in _execute_with_wrappers
    return executor(sql, params, many, context)
           ^^^^^^^^^^^^^^^^^^^^^^^^^^^^^^^^^^^^
  File "C:\Users\Naman Sharma\Documents\codeweave\env\Lib\site-packages\django\db\backends\utils.py", line 100, in _execute
    with self.db.wrap_database_errors:
         ^^^^^^^^^^^^^^^^^^^^^^^^^^^^
  File "C:\Users\Naman Sharma\Documents\codeweave\env\Lib\site-packages\django\db\utils.py", line 91, in __exit__
    raise dj_exc_value.with_traceback(traceback) from exc_value
  File "C:\Users\Naman Sharma\Documents\codeweave\env\Lib\site-packages\django\db\backends\utils.py", line 105, in _execute
    return self.cursor.execute(sql, params)
           ^^^^^^^^^^^^^^^^^^^^^^^^^^^^^^^^
  File "C:\Users\Naman Sharma\Documents\codeweave\env\Lib\site-packages\django\db\backends\sqlite3\base.py", line 354, in execute
    return super().execute(query, params)
           ^^^^^^^^^^^^^^^^^^^^^^^^^^^^^^
django.db.utils.OperationalError: no such column: projects_project.updated_at
2025-04-06 15:51:49,306 - INFO - C:\Users\Naman Sharma\Documents\codeweave\cw_webapp\projects\migrations\0002_project_updated_at.py changed, reloading.
2025-04-06 15:52:13,158 - INFO - C:\Users\Naman Sharma\Documents\codeweave\cw_webapp\projects\models.py changed, reloading.
2025-04-06 15:53:05,685 - INFO - C:\Users\Naman Sharma\Documents\codeweave\cw_webapp\auth_system\urls.py changed, reloading.
2025-04-06 15:53:14,286 - INFO - C:\Users\Naman Sharma\Documents\codeweave\cw_webapp\auth_system\settings.py changed, reloading.
2025-04-06 15:53:26,626 - INFO - C:\Users\Naman Sharma\Documents\codeweave\cw_webapp\users\urls.py changed, reloading.
2025-04-06 15:59:28,233 - INFO - C:\Users\Naman Sharma\Documents\codeweave\cw_webapp\auth_system\urls.py changed, reloading.
2025-04-06 15:59:34,584 - INFO - C:\Users\Naman Sharma\Documents\codeweave\cw_webapp\auth_system\urls.py changed, reloading.
2025-04-06 15:59:45,954 - INFO - C:\Users\Naman Sharma\Documents\codeweave\cw_webapp\users\views.py changed, reloading.
2025-04-06 16:00:43,002 - WARNING - Not Found: /dashboard/register/
2025-04-06 16:10:10,760 - WARNING - Not Found: /dashboard/login/
2025-04-06 16:11:25,701 - INFO - C:\Users\Naman Sharma\Documents\codeweave\cw_webapp\auth_system\urls.py changed, reloading.
2025-04-06 16:11:45,059 - INFO - C:\Users\Naman Sharma\Documents\codeweave\cw_webapp\users\views.py changed, reloading.
2025-04-06 16:12:30,601 - INFO - C:\Users\Naman Sharma\Documents\codeweave\cw_webapp\users\views.py changed, reloading.
2025-04-06 16:14:29,389 - WARNING - Forbidden (CSRF token from POST incorrect.): /users/login/
2025-04-06 16:14:42,401 - WARNING - Forbidden (CSRF token from POST incorrect.): /users/login/
2025-04-06 16:18:39,238 - WARNING - Not Found: /projects/dev_environment/11/
2025-04-06 16:21:29,681 - INFO - Initialized model: gemini-1.5-pro
2025-04-06 16:22:07,529 - WARNING - Not Found: /projects/save_project/
2025-04-06 16:22:07,531 - ERROR - Failed to save project to Django: <!DOCTYPE html>
<html lang="en">
<head>
  <meta http-equiv="content-type" content="text/html; charset=utf-8">
  <title>Page not found at /projects/save_project/</title>
  <meta name="robots" content="NONE,NOARCHIVE">
  <style>
    html * { padding:0; margin:0; }
    body * { padding:10px 20px; }
    body * * { padding:0; }
    body { font-family: sans-serif; background:#eee; color:#000; }
    body > :where(header, main, footer) { border-bottom:1px solid #ddd; }
    h1 { font-weight:normal; margin-bottom:.4em; }
    h1 small { font-size:60%; color:#666; font-weight:normal; }
    table { border:none; border-collapse: collapse; width:100%; }
    td, th { vertical-align:top; padding:2px 3px; }
    th { width:12em; text-align:right; color:#666; padding-right:.5em; }
    #info { background:#f6f6f6; }
    #info ol { margin: 0.5em 4em; }
    #info ol li { font-family: monospace; }
    #summary { background: #ffc; }
    #explanation { background:#eee; border-bottom: 0px none; }
    pre.exception_value { font-family: sans-serif; color: #575757; font-size: 1.5em; margin: 10px 0 10px 0; }
  </style>
</head>
<body>
  <header id="summary">
    <h1>Page not found <small>(404)</small></h1>
    
    <table class="meta">
      <tr>
        <th scope="row">Request Method:</th>
        <td>POST</td>
      </tr>
      <tr>
        <th scope="row">Request URL:</th>
        <td>http://127.0.0.1:8000/projects/save_project/</td>
      </tr>
      
    </table>
  </header>

  <main id="info">
    
      <p>
      Using the URLconf defined in <code>auth_system.urls</code>,
      Django tried these URL patterns, in this order:
      </p>
      <ol>
        
          <li>
            
              <code>
                admin/
                
              </code>
            
          </li>
        
          <li>
            
              <code>
                users/
                
              </code>
            
          </li>
        
          <li>
            
              <code>
                accounts/
                
              </code>
            
          </li>
        
          <li>
            
              <code>
                projects/
                
              </code>
            
              <code>
                list/
                [name='list_projects']
              </code>
            
          </li>
        
          <li>
            
              <code>
                projects/
                
              </code>
            
              <code>
                save/
                [name='save_project']
              </code>
            
          </li>
        
          <li>
            
              <code>
                projects/
                
              </code>
            
              <code>
                delete/&lt;int:project_id&gt;/
                [name='delete_project']
              </code>
            
          </li>
        
          <li>
            
              <code>
                dev_env/
                
              </code>
            
          </li>
        
          <li>
            
              <code>
                dashboard/
                [name='dashboard']
              </code>
            
          </li>
        
          <li>
            
              <code>
                
                [name='home']
              </code>
            
          </li>
        
          <li>
            
              <code>
                api/
                
              </code>
            
          </li>
        
      </ol>
      <p>
        
          The current path, <code>projects/save_project/</code>,
        
        didn’t match any of these.
      </p>
    
  </main>

  <footer id="explanation">
    <p>
      You’re seeing this error because you have <code>DEBUG = True</code> in
      your Django settings file. Change that to <code>False</code>, and Django
      will display a standard 404 page.
    </p>
  </footer>
</body>
</html>

2025-04-06 16:22:07,531 - INFO - Endpoint: /api/roadmap/ | Method: POST | Duration: 37.850073s | Status: 404
2025-04-06 16:22:07,531 - WARNING - Not Found: /api/roadmap/
2025-04-06 16:22:57,266 - INFO - C:\Users\Naman Sharma\Documents\codeweave\cw_webapp\users\views.py changed, reloading.
2025-04-06 16:23:08,520 - INFO - C:\Users\Naman Sharma\Documents\codeweave\cw_webapp\auth_system\urls.py changed, reloading.
2025-04-06 16:23:15,246 - INFO - C:\Users\Naman Sharma\Documents\codeweave\cw_webapp\auth_system\urls.py changed, reloading.
2025-04-06 16:23:23,086 - INFO - Initialized model: gemini-1.5-pro
2025-04-06 16:24:02,249 - WARNING - Not Found: /projects/save_project/
2025-04-06 16:24:02,252 - ERROR - Failed to save project to Django: <!DOCTYPE html>
<html lang="en">
<head>
  <meta http-equiv="content-type" content="text/html; charset=utf-8">
  <title>Page not found at /projects/save_project/</title>
  <meta name="robots" content="NONE,NOARCHIVE">
  <style>
    html * { padding:0; margin:0; }
    body * { padding:10px 20px; }
    body * * { padding:0; }
    body { font-family: sans-serif; background:#eee; color:#000; }
    body > :where(header, main, footer) { border-bottom:1px solid #ddd; }
    h1 { font-weight:normal; margin-bottom:.4em; }
    h1 small { font-size:60%; color:#666; font-weight:normal; }
    table { border:none; border-collapse: collapse; width:100%; }
    td, th { vertical-align:top; padding:2px 3px; }
    th { width:12em; text-align:right; color:#666; padding-right:.5em; }
    #info { background:#f6f6f6; }
    #info ol { margin: 0.5em 4em; }
    #info ol li { font-family: monospace; }
    #summary { background: #ffc; }
    #explanation { background:#eee; border-bottom: 0px none; }
    pre.exception_value { font-family: sans-serif; color: #575757; font-size: 1.5em; margin: 10px 0 10px 0; }
  </style>
</head>
<body>
  <header id="summary">
    <h1>Page not found <small>(404)</small></h1>
    
    <table class="meta">
      <tr>
        <th scope="row">Request Method:</th>
        <td>POST</td>
      </tr>
      <tr>
        <th scope="row">Request URL:</th>
        <td>http://127.0.0.1:8000/projects/save_project/</td>
      </tr>
      
    </table>
  </header>

  <main id="info">
    
      <p>
      Using the URLconf defined in <code>auth_system.urls</code>,
      Django tried these URL patterns, in this order:
      </p>
      <ol>
        
          <li>
            
              <code>
                admin/
                
              </code>
            
          </li>
        
          <li>
            
              <code>
                users/
                
              </code>
            
          </li>
        
          <li>
            
              <code>
                accounts/
                
              </code>
            
          </li>
        
          <li>
            
              <code>
                projects/
                
              </code>
            
              <code>
                list/
                [name='list_projects']
              </code>
            
          </li>
        
          <li>
            
              <code>
                projects/
                
              </code>
            
              <code>
                save/
                [name='save_project']
              </code>
            
          </li>
        
          <li>
            
              <code>
                projects/
                
              </code>
            
              <code>
                delete/&lt;int:project_id&gt;/
                [name='delete_project']
              </code>
            
          </li>
        
          <li>
            
              <code>
                dev_env/
                
              </code>
            
          </li>
        
          <li>
            
              <code>
                dashboard/
                [name='dashboard']
              </code>
            
          </li>
        
          <li>
            
              <code>
                
                [name='home']
              </code>
            
          </li>
        
          <li>
            
              <code>
                api/
                
              </code>
            
          </li>
        
      </ol>
      <p>
        
          The current path, <code>projects/save_project/</code>,
        
        didn’t match any of these.
      </p>
    
  </main>

  <footer id="explanation">
    <p>
      You’re seeing this error because you have <code>DEBUG = True</code> in
      your Django settings file. Change that to <code>False</code>, and Django
      will display a standard 404 page.
    </p>
  </footer>
</body>
</html>

2025-04-06 16:24:02,252 - INFO - Endpoint: /api/roadmap/ | Method: POST | Duration: 39.175841s | Status: 404
2025-04-06 16:24:02,252 - WARNING - Not Found: /api/roadmap/
2025-04-06 16:24:17,286 - INFO - C:\Users\Naman Sharma\Documents\codeweave\cw_webapp\auth_system\urls.py changed, reloading.
2025-04-06 16:25:39,760 - INFO - Initialized model: gemini-1.5-pro
2025-04-06 16:26:18,510 - WARNING - Not Found: /projects/save_project/
2025-04-06 16:26:18,512 - ERROR - Failed to save project to Django: <!DOCTYPE html>
<html lang="en">
<head>
  <meta http-equiv="content-type" content="text/html; charset=utf-8">
  <title>Page not found at /projects/save_project/</title>
  <meta name="robots" content="NONE,NOARCHIVE">
  <style>
    html * { padding:0; margin:0; }
    body * { padding:10px 20px; }
    body * * { padding:0; }
    body { font-family: sans-serif; background:#eee; color:#000; }
    body > :where(header, main, footer) { border-bottom:1px solid #ddd; }
    h1 { font-weight:normal; margin-bottom:.4em; }
    h1 small { font-size:60%; color:#666; font-weight:normal; }
    table { border:none; border-collapse: collapse; width:100%; }
    td, th { vertical-align:top; padding:2px 3px; }
    th { width:12em; text-align:right; color:#666; padding-right:.5em; }
    #info { background:#f6f6f6; }
    #info ol { margin: 0.5em 4em; }
    #info ol li { font-family: monospace; }
    #summary { background: #ffc; }
    #explanation { background:#eee; border-bottom: 0px none; }
    pre.exception_value { font-family: sans-serif; color: #575757; font-size: 1.5em; margin: 10px 0 10px 0; }
  </style>
</head>
<body>
  <header id="summary">
    <h1>Page not found <small>(404)</small></h1>
    
    <table class="meta">
      <tr>
        <th scope="row">Request Method:</th>
        <td>POST</td>
      </tr>
      <tr>
        <th scope="row">Request URL:</th>
        <td>http://127.0.0.1:8000/projects/save_project/</td>
      </tr>
      
    </table>
  </header>

  <main id="info">
    
      <p>
      Using the URLconf defined in <code>auth_system.urls</code>,
      Django tried these URL patterns, in this order:
      </p>
      <ol>
        
          <li>
            
              <code>
                admin/
                
              </code>
            
          </li>
        
          <li>
            
              <code>
                users/
                
              </code>
            
          </li>
        
          <li>
            
              <code>
                accounts/
                
              </code>
            
          </li>
        
          <li>
            
              <code>
                projects/
                
              </code>
            
              <code>
                list/
                [name='list_projects']
              </code>
            
          </li>
        
          <li>
            
              <code>
                projects/
                
              </code>
            
              <code>
                save/
                [name='save_project']
              </code>
            
          </li>
        
          <li>
            
              <code>
                projects/
                
              </code>
            
              <code>
                delete/&lt;int:project_id&gt;/
                [name='delete_project']
              </code>
            
          </li>
        
          <li>
            
              <code>
                dev_env/
                
              </code>
            
          </li>
        
          <li>
            
              <code>
                dashboard/
                [name='dashboard']
              </code>
            
          </li>
        
          <li>
            
              <code>
                
                [name='home']
              </code>
            
          </li>
        
          <li>
            
              <code>
                api/
                
              </code>
            
          </li>
        
      </ol>
      <p>
        
          The current path, <code>projects/save_project/</code>,
        
        didn’t match any of these.
      </p>
    
  </main>

  <footer id="explanation">
    <p>
      You’re seeing this error because you have <code>DEBUG = True</code> in
      your Django settings file. Change that to <code>False</code>, and Django
      will display a standard 404 page.
    </p>
  </footer>
</body>
</html>

2025-04-06 16:26:18,513 - INFO - Endpoint: /api/roadmap/ | Method: POST | Duration: 38.753281s | Status: 404
2025-04-06 16:26:18,513 - WARNING - Not Found: /api/roadmap/
2025-04-06 16:27:13,683 - INFO - C:\Users\Naman Sharma\Documents\codeweave\cw_webapp\projects\urls.py changed, reloading.
2025-04-06 16:27:39,240 - INFO - Initialized model: gemini-1.5-pro
2025-04-06 16:28:19,745 - INFO - Endpoint: /api/roadmap/ | Method: POST | Duration: 40.505192s | Status: 200
2025-04-06 16:30:03,490 - WARNING - Not Found: /projects/dev_environment/12/
2025-04-06 16:30:26,505 - INFO - C:\Users\Naman Sharma\Documents\codeweave\cw_webapp\projects\urls.py changed, reloading.
2025-04-06 16:31:11,895 - WARNING - Unauthorized: /projects/delete/12/
2025-04-06 16:31:13,835 - WARNING - Unauthorized: /projects/delete/12/
2025-04-06 16:31:14,140 - WARNING - Unauthorized: /projects/delete/12/
2025-04-06 16:31:15,829 - WARNING - Unauthorized: /projects/delete/12/
2025-04-06 16:31:16,067 - WARNING - Unauthorized: /projects/delete/12/
2025-04-06 16:31:16,327 - WARNING - Unauthorized: /projects/delete/12/
2025-04-06 16:31:16,565 - WARNING - Unauthorized: /projects/delete/12/
2025-04-06 16:31:16,814 - WARNING - Unauthorized: /projects/delete/12/
2025-04-06 16:31:17,055 - WARNING - Unauthorized: /projects/delete/12/
2025-04-06 16:31:17,288 - WARNING - Unauthorized: /projects/delete/12/
2025-04-06 16:31:25,653 - INFO - Initialized model: gemini-1.5-pro
2025-04-06 16:31:57,354 - INFO - Endpoint: /api/roadmap/ | Method: POST | Duration: 31.701729s | Status: 200
2025-04-06 16:32:15,516 - WARNING - Unauthorized: /projects/delete/13/
2025-04-06 16:32:16,503 - WARNING - Unauthorized: /projects/delete/13/
2025-04-06 16:32:19,215 - WARNING - Unauthorized: /projects/delete/13/
2025-04-06 16:32:20,917 - WARNING - Unauthorized: /projects/delete/12/
2025-04-06 16:32:51,684 - WARNING - Unauthorized: /projects/delete/12/
2025-04-06 16:32:58,717 - WARNING - Unauthorized: /projects/delete/13/
2025-04-06 16:32:58,964 - WARNING - Unauthorized: /projects/delete/13/
2025-04-06 16:32:59,444 - WARNING - Unauthorized: /projects/delete/13/
2025-04-06 16:35:09,657 - WARNING - Unauthorized: /projects/delete/13/
2025-04-06 16:35:29,875 - WARNING - Unauthorized: /projects/delete/12/
2025-04-06 16:37:03,727 - ERROR - Error deleting project: no such table: dev_env_codefile
2025-04-06 16:37:03,727 - ERROR - Internal Server Error: /projects/delete/12/
2025-04-06 16:39:20,166 - INFO - C:\Users\Naman Sharma\Documents\codeweave\cw_webapp\projects\views.py changed, reloading.
2025-04-06 16:39:32,853 - WARNING - Error deleting code files: no such table: dev_env_codefile
2025-04-06 16:39:32,855 - ERROR - Error deleting project: no such table: dev_env_codefile
2025-04-06 16:39:32,856 - ERROR - Internal Server Error: /projects/delete/13/
2025-04-06 16:39:46,342 - WARNING - Error deleting code files: no such table: dev_env_codefile
2025-04-06 16:39:46,343 - ERROR - Error deleting project: no such table: dev_env_codefile
2025-04-06 16:39:46,343 - ERROR - Internal Server Error: /projects/delete/12/
2025-04-06 16:40:28,091 - INFO - C:\Users\Naman Sharma\Documents\codeweave\cw_webapp\projects\views.py changed, reloading.
2025-04-06 16:40:45,830 - WARNING - Error deleting code files: no such table: dev_env_codefile
2025-04-06 16:40:45,831 - ERROR - Error deleting project: no such table: dev_env_codefile
2025-04-06 16:40:45,833 - ERROR - Internal Server Error: /projects/delete/13/
2025-04-06 16:45:33,278 - WARNING - Bad Request: /users/register/
2025-04-06 16:45:43,242 - WARNING - Not Found: /create_project/
2025-04-06 16:46:43,036 - INFO - C:\Users\Naman Sharma\Documents\codeweave\cw_webapp\projects\views.py changed, reloading.
2025-04-06 16:46:48,516 - WARNING - Not Found: /create_project/
2025-04-06 16:46:49,158 - WARNING - Not Found: /create_project/
2025-04-06 16:46:52,428 - WARNING - Not Found: /create_project/
2025-04-06 16:47:18,426 - WARNING - Not Found: /create_project/
2025-04-06 16:47:57,470 - INFO - Initialized model: gemini-1.5-pro
2025-04-06 16:48:43,831 - INFO - Endpoint: /api/roadmap/ | Method: POST | Duration: 46.360613s | Status: 200
2025-04-06 16:49:04,207 - WARNING - Not Found: /projects/dev_environment/14/
2025-04-06 16:50:00,242 - INFO - C:\Users\Naman Sharma\Documents\codeweave\cw_webapp\projects\urls.py changed, reloading.
2025-04-06 16:50:23,659 - ERROR - Internal Server Error: /dashboard/
Traceback (most recent call last):
  File "C:\Users\Naman Sharma\Documents\codeweave\env\Lib\site-packages\django\core\handlers\exception.py", line 55, in inner
    response = get_response(request)
               ^^^^^^^^^^^^^^^^^^^^^
  File "C:\Users\Naman Sharma\Documents\codeweave\env\Lib\site-packages\django\core\handlers\base.py", line 197, in _get_response
    response = wrapped_callback(request, *callback_args, **callback_kwargs)
               ^^^^^^^^^^^^^^^^^^^^^^^^^^^^^^^^^^^^^^^^^^^^^^^^^^^^^^^^^^^^
  File "C:\Users\Naman Sharma\Documents\codeweave\env\Lib\site-packages\django\contrib\auth\decorators.py", line 60, in _view_wrapper
    return view_func(request, *args, **kwargs)
           ^^^^^^^^^^^^^^^^^^^^^^^^^^^^^^^^^^^
  File "C:\Users\Naman Sharma\Documents\codeweave\cw_webapp\users\views.py", line 109, in dashboard_view
    return render(request, "dashboard.html", {"projects": projects})
           ^^^^^^^^^^^^^^^^^^^^^^^^^^^^^^^^^^^^^^^^^^^^^^^^^^^^^^^^^
  File "C:\Users\Naman Sharma\Documents\codeweave\env\Lib\site-packages\django\shortcuts.py", line 25, in render
    content = loader.render_to_string(template_name, context, request, using=using)
              ^^^^^^^^^^^^^^^^^^^^^^^^^^^^^^^^^^^^^^^^^^^^^^^^^^^^^^^^^^^^^^^^^^^^^
  File "C:\Users\Naman Sharma\Documents\codeweave\env\Lib\site-packages\django\template\loader.py", line 62, in render_to_string
    return template.render(context, request)
           ^^^^^^^^^^^^^^^^^^^^^^^^^^^^^^^^^
  File "C:\Users\Naman Sharma\Documents\codeweave\env\Lib\site-packages\django\template\backends\django.py", line 107, in render
    return self.template.render(context)
           ^^^^^^^^^^^^^^^^^^^^^^^^^^^^^
  File "C:\Users\Naman Sharma\Documents\codeweave\env\Lib\site-packages\django\template\base.py", line 171, in render
    return self._render(context)
           ^^^^^^^^^^^^^^^^^^^^^
  File "C:\Users\Naman Sharma\Documents\codeweave\env\Lib\site-packages\django\template\base.py", line 163, in _render
    return self.nodelist.render(context)
           ^^^^^^^^^^^^^^^^^^^^^^^^^^^^^
  File "C:\Users\Naman Sharma\Documents\codeweave\env\Lib\site-packages\django\template\base.py", line 1008, in render
    return SafeString("".join([node.render_annotated(context) for node in self]))
                               ^^^^^^^^^^^^^^^^^^^^^^^^^^^^^^
  File "C:\Users\Naman Sharma\Documents\codeweave\env\Lib\site-packages\django\template\base.py", line 969, in render_annotated
    return self.render(context)
           ^^^^^^^^^^^^^^^^^^^^
  File "C:\Users\Naman Sharma\Documents\codeweave\env\Lib\site-packages\django\template\defaulttags.py", line 480, in render
    url = reverse(view_name, args=args, kwargs=kwargs, current_app=current_app)
          ^^^^^^^^^^^^^^^^^^^^^^^^^^^^^^^^^^^^^^^^^^^^^^^^^^^^^^^^^^^^^^^^^^^^^
  File "C:\Users\Naman Sharma\Documents\codeweave\env\Lib\site-packages\django\urls\base.py", line 88, in reverse
    return resolver._reverse_with_prefix(view, prefix, *args, **kwargs)
           ^^^^^^^^^^^^^^^^^^^^^^^^^^^^^^^^^^^^^^^^^^^^^^^^^^^^^^^^^^^^
  File "C:\Users\Naman Sharma\Documents\codeweave\env\Lib\site-packages\django\urls\resolvers.py", line 831, in _reverse_with_prefix
    raise NoReverseMatch(msg)
django.urls.exceptions.NoReverseMatch: Reverse for 'dev_environment' with arguments '('',)' not found. 1 pattern(s) tried: ['users/projects/dev_environment/(?P<project_id>[0-9]+)/\\Z']
2025-04-06 16:51:32,709 - WARNING - Not Found: /projects/dev_environment/${project.id}/
2025-04-06 16:51:51,168 - WARNING - Not Found: /projects/dev_environment/${project.id}/
2025-04-06 16:52:40,385 - ERROR - Internal Server Error: /dashboard/
Traceback (most recent call last):
  File "C:\Users\Naman Sharma\Documents\codeweave\env\Lib\site-packages\django\core\handlers\exception.py", line 55, in inner
    response = get_response(request)
               ^^^^^^^^^^^^^^^^^^^^^
  File "C:\Users\Naman Sharma\Documents\codeweave\env\Lib\site-packages\django\core\handlers\base.py", line 197, in _get_response
    response = wrapped_callback(request, *callback_args, **callback_kwargs)
               ^^^^^^^^^^^^^^^^^^^^^^^^^^^^^^^^^^^^^^^^^^^^^^^^^^^^^^^^^^^^
  File "C:\Users\Naman Sharma\Documents\codeweave\env\Lib\site-packages\django\contrib\auth\decorators.py", line 60, in _view_wrapper
    return view_func(request, *args, **kwargs)
           ^^^^^^^^^^^^^^^^^^^^^^^^^^^^^^^^^^^
  File "C:\Users\Naman Sharma\Documents\codeweave\cw_webapp\users\views.py", line 109, in dashboard_view
    return render(request, "dashboard.html", {"projects": projects})
           ^^^^^^^^^^^^^^^^^^^^^^^^^^^^^^^^^^^^^^^^^^^^^^^^^^^^^^^^^
  File "C:\Users\Naman Sharma\Documents\codeweave\env\Lib\site-packages\django\shortcuts.py", line 25, in render
    content = loader.render_to_string(template_name, context, request, using=using)
              ^^^^^^^^^^^^^^^^^^^^^^^^^^^^^^^^^^^^^^^^^^^^^^^^^^^^^^^^^^^^^^^^^^^^^
  File "C:\Users\Naman Sharma\Documents\codeweave\env\Lib\site-packages\django\template\loader.py", line 62, in render_to_string
    return template.render(context, request)
           ^^^^^^^^^^^^^^^^^^^^^^^^^^^^^^^^^
  File "C:\Users\Naman Sharma\Documents\codeweave\env\Lib\site-packages\django\template\backends\django.py", line 107, in render
    return self.template.render(context)
           ^^^^^^^^^^^^^^^^^^^^^^^^^^^^^
  File "C:\Users\Naman Sharma\Documents\codeweave\env\Lib\site-packages\django\template\base.py", line 171, in render
    return self._render(context)
           ^^^^^^^^^^^^^^^^^^^^^
  File "C:\Users\Naman Sharma\Documents\codeweave\env\Lib\site-packages\django\template\base.py", line 163, in _render
    return self.nodelist.render(context)
           ^^^^^^^^^^^^^^^^^^^^^^^^^^^^^
  File "C:\Users\Naman Sharma\Documents\codeweave\env\Lib\site-packages\django\template\base.py", line 1008, in render
    return SafeString("".join([node.render_annotated(context) for node in self]))
                               ^^^^^^^^^^^^^^^^^^^^^^^^^^^^^^
  File "C:\Users\Naman Sharma\Documents\codeweave\env\Lib\site-packages\django\template\base.py", line 969, in render_annotated
    return self.render(context)
           ^^^^^^^^^^^^^^^^^^^^
  File "C:\Users\Naman Sharma\Documents\codeweave\env\Lib\site-packages\django\template\defaulttags.py", line 480, in render
    url = reverse(view_name, args=args, kwargs=kwargs, current_app=current_app)
          ^^^^^^^^^^^^^^^^^^^^^^^^^^^^^^^^^^^^^^^^^^^^^^^^^^^^^^^^^^^^^^^^^^^^^
  File "C:\Users\Naman Sharma\Documents\codeweave\env\Lib\site-packages\django\urls\base.py", line 88, in reverse
    return resolver._reverse_with_prefix(view, prefix, *args, **kwargs)
           ^^^^^^^^^^^^^^^^^^^^^^^^^^^^^^^^^^^^^^^^^^^^^^^^^^^^^^^^^^^^
  File "C:\Users\Naman Sharma\Documents\codeweave\env\Lib\site-packages\django\urls\resolvers.py", line 831, in _reverse_with_prefix
    raise NoReverseMatch(msg)
django.urls.exceptions.NoReverseMatch: Reverse for 'dev_environment' with arguments '('',)' not found. 1 pattern(s) tried: ['users/projects/dev_environment/(?P<project_id>[0-9]+)/\\Z']
2025-04-06 16:52:55,780 - INFO - C:\Users\Naman Sharma\Documents\codeweave\cw_webapp\projects\views.py changed, reloading.
2025-04-06 16:53:02,203 - WARNING - Not Found: /projects/dev_environment/14/
2025-04-06 16:53:26,056 - WARNING - Not Found: /projects/dev_environment/14/
2025-04-06 16:54:56,641 - WARNING - Not Found: /projects/dev_environment/${project.id}/
2025-04-06 16:55:43,321 - WARNING - Not Found: /dev_env/
2025-04-06 16:56:27,711 - INFO - C:\Users\Naman Sharma\Documents\codeweave\cw_webapp\projects\urls.py changed, reloading.
2025-04-06 16:57:14,703 - INFO - C:\Users\Naman Sharma\Documents\codeweave\cw_webapp\projects\urls.py changed, reloading.
2025-04-06 17:02:42,867 - INFO - C:\Users\Naman Sharma\Documents\codeweave\cw_webapp\projects\urls.py changed, reloading.
2025-04-06 17:02:49,478 - INFO - C:\Users\Naman Sharma\Documents\codeweave\cw_webapp\projects\views.py changed, reloading.
2025-04-06 17:03:24,589 - INFO - Initialized model: gemini-1.5-pro
2025-04-06 17:04:09,007 - INFO - Endpoint: /api/roadmap/ | Method: POST | Duration: 44.417416s | Status: 200
2025-04-06 17:10:32,592 - ERROR - Internal Server Error: /users/register/
Traceback (most recent call last):
  File "C:\Users\Naman Sharma\Documents\codeweave\env\Lib\site-packages\django\db\backends\utils.py", line 105, in _execute
    return self.cursor.execute(sql, params)
           ^^^^^^^^^^^^^^^^^^^^^^^^^^^^^^^^
  File "C:\Users\Naman Sharma\Documents\codeweave\env\Lib\site-packages\django\db\backends\sqlite3\base.py", line 354, in execute
    return super().execute(query, params)
           ^^^^^^^^^^^^^^^^^^^^^^^^^^^^^^
sqlite3.IntegrityError: UNIQUE constraint failed: auth_user.username

The above exception was the direct cause of the following exception:

Traceback (most recent call last):
  File "C:\Users\Naman Sharma\Documents\codeweave\env\Lib\site-packages\django\core\handlers\exception.py", line 55, in inner
    response = get_response(request)
               ^^^^^^^^^^^^^^^^^^^^^
  File "C:\Users\Naman Sharma\Documents\codeweave\env\Lib\site-packages\django\core\handlers\base.py", line 197, in _get_response
    response = wrapped_callback(request, *callback_args, **callback_kwargs)
               ^^^^^^^^^^^^^^^^^^^^^^^^^^^^^^^^^^^^^^^^^^^^^^^^^^^^^^^^^^^^
  File "C:\Users\Naman Sharma\Documents\codeweave\cw_webapp\users\views.py", line 29, in register_view
    user = form.save()
           ^^^^^^^^^^^
  File "C:\Users\Naman Sharma\Documents\codeweave\env\Lib\site-packages\django\contrib\auth\forms.py", line 263, in save
    user = self.set_password_and_save(user, commit=commit)
           ^^^^^^^^^^^^^^^^^^^^^^^^^^^^^^^^^^^^^^^^^^^^^^^
  File "C:\Users\Naman Sharma\Documents\codeweave\env\Lib\site-packages\django\contrib\auth\forms.py", line 152, in set_password_and_save
    user.save()
  File "C:\Users\Naman Sharma\Documents\codeweave\env\Lib\site-packages\django\contrib\auth\base_user.py", line 62, in save
    super().save(*args, **kwargs)
  File "C:\Users\Naman Sharma\Documents\codeweave\env\Lib\site-packages\django\db\models\base.py", line 892, in save
    self.save_base(
  File "C:\Users\Naman Sharma\Documents\codeweave\env\Lib\site-packages\django\db\models\base.py", line 998, in save_base
    updated = self._save_table(
              ^^^^^^^^^^^^^^^^^
  File "C:\Users\Naman Sharma\Documents\codeweave\env\Lib\site-packages\django\db\models\base.py", line 1161, in _save_table
    results = self._do_insert(
              ^^^^^^^^^^^^^^^^
  File "C:\Users\Naman Sharma\Documents\codeweave\env\Lib\site-packages\django\db\models\base.py", line 1202, in _do_insert
    return manager._insert(
           ^^^^^^^^^^^^^^^^
  File "C:\Users\Naman Sharma\Documents\codeweave\env\Lib\site-packages\django\db\models\manager.py", line 87, in manager_method
    return getattr(self.get_queryset(), name)(*args, **kwargs)
           ^^^^^^^^^^^^^^^^^^^^^^^^^^^^^^^^^^^^^^^^^^^^^^^^^^^
  File "C:\Users\Naman Sharma\Documents\codeweave\env\Lib\site-packages\django\db\models\query.py", line 1847, in _insert
    return query.get_compiler(using=using).execute_sql(returning_fields)
           ^^^^^^^^^^^^^^^^^^^^^^^^^^^^^^^^^^^^^^^^^^^^^^^^^^^^^^^^^^^^^
  File "C:\Users\Naman Sharma\Documents\codeweave\env\Lib\site-packages\django\db\models\sql\compiler.py", line 1836, in execute_sql
    cursor.execute(sql, params)
  File "C:\Users\Naman Sharma\Documents\codeweave\env\Lib\site-packages\django\db\backends\utils.py", line 122, in execute
    return super().execute(sql, params)
           ^^^^^^^^^^^^^^^^^^^^^^^^^^^^
  File "C:\Users\Naman Sharma\Documents\codeweave\env\Lib\site-packages\django\db\backends\utils.py", line 79, in execute
    return self._execute_with_wrappers(
           ^^^^^^^^^^^^^^^^^^^^^^^^^^^^
  File "C:\Users\Naman Sharma\Documents\codeweave\env\Lib\site-packages\django\db\backends\utils.py", line 92, in _execute_with_wrappers
    return executor(sql, params, many, context)
           ^^^^^^^^^^^^^^^^^^^^^^^^^^^^^^^^^^^^
  File "C:\Users\Naman Sharma\Documents\codeweave\env\Lib\site-packages\django\db\backends\utils.py", line 100, in _execute
    with self.db.wrap_database_errors:
         ^^^^^^^^^^^^^^^^^^^^^^^^^^^^
  File "C:\Users\Naman Sharma\Documents\codeweave\env\Lib\site-packages\django\db\utils.py", line 91, in __exit__
    raise dj_exc_value.with_traceback(traceback) from exc_value
  File "C:\Users\Naman Sharma\Documents\codeweave\env\Lib\site-packages\django\db\backends\utils.py", line 105, in _execute
    return self.cursor.execute(sql, params)
           ^^^^^^^^^^^^^^^^^^^^^^^^^^^^^^^^
  File "C:\Users\Naman Sharma\Documents\codeweave\env\Lib\site-packages\django\db\backends\sqlite3\base.py", line 354, in execute
    return super().execute(query, params)
           ^^^^^^^^^^^^^^^^^^^^^^^^^^^^^^
django.db.utils.IntegrityError: UNIQUE constraint failed: auth_user.username
2025-04-06 17:16:22,615 - INFO - Initialized model: gemini-1.5-pro
2025-04-06 17:17:01,984 - INFO - Endpoint: /api/roadmap/ | Method: POST | Duration: 39.369007s | Status: 200
2025-04-06 17:19:02,400 - INFO - Initialized model: gemini-1.5-pro
2025-04-06 17:19:37,920 - INFO - Endpoint: /api/roadmap/ | Method: POST | Duration: 35.520821s | Status: 200
2025-04-06 17:45:22,670 - INFO - C:\Users\Naman Sharma\Documents\codeweave\cw_webapp\auth_system\settings.py changed, reloading.
2025-04-06 17:46:20,595 - INFO - C:\Users\Naman Sharma\Documents\codeweave\cw_webapp\auth_system\settings.py changed, reloading.
2025-04-06 17:53:40,036 - INFO - C:\Users\Naman Sharma\Documents\codeweave\cw_webapp\auth_system\settings.py changed, reloading.
2025-04-06 18:32:04,089 - WARNING - Bad Request: /users/register/
2025-04-06 18:35:31,057 - INFO - Initialized model: gemini-1.5-pro
2025-04-06 18:36:06,798 - INFO - Endpoint: /api/roadmap/ | Method: POST | Duration: 35.741081s | Status: 200
2025-04-06 19:17:32,369 - INFO - C:\Users\Naman Sharma\Documents\codeweave\cw_webapp\auth_system\settings.py changed, reloading.
2025-04-06 19:22:24,565 - INFO - C:\Users\Naman Sharma\Documents\codeweave\cw_webapp\auth_system\settings.py changed, reloading.
2025-04-06 19:22:39,479 - INFO - C:\Users\Naman Sharma\Documents\codeweave\cw_webapp\auth_system\settings.py changed, reloading.
2025-04-07 01:35:12,278 - WARNING - Not Found: /favicon.ico
2025-06-17 11:34:57,647 - WARNING - Not Found: /favicon.ico
2025-06-17 11:35:35,505 - INFO - Initialized model: gemini-1.5-pro
2025-06-17 11:35:37,660 - ERROR - Error generating roadmap: 429 You exceeded your current quota, please check your plan and billing details. For more information on this error, head to: https://ai.google.dev/gemini-api/docs/rate-limits. [violations {
}
violations {
}
violations {
}
, links {
  description: "Learn more about Gemini API quotas"
  url: "https://ai.google.dev/gemini-api/docs/rate-limits"
}
, retry_delay {
  seconds: 22
}
]
2025-06-17 11:35:37,674 - INFO - Endpoint: /api/roadmap/ | Method: POST | Duration: 2.168449s | Status: 200
2025-06-17 11:50:03,663 - INFO - C:\Users\Naman Sharma\Documents\codeweave\cw_webapp\api\views.py changed, reloading.
2025-06-17 11:53:21,949 - WARNING - Not Found: /favicon.ico
2025-06-17 11:53:28,088 - INFO - Initialized model: gemini-2.5-flash
2025-06-17 11:53:29,861 - ERROR - Error generating roadmap: 400 API key not valid. Please pass a valid API key. [reason: "API_KEY_INVALID"
domain: "googleapis.com"
metadata {
  key: "service"
  value: "generativelanguage.googleapis.com"
}
, locale: "en-US"
message: "API key not valid. Please pass a valid API key."
]
2025-06-17 11:53:29,895 - INFO - Endpoint: /api/roadmap/ | Method: POST | Duration: 1.806853s | Status: 200
2025-06-17 12:28:31,150 - INFO - C:\Users\Naman Sharma\Documents\codeweave\cw_webapp\api\views.py changed, reloading.
2025-06-17 12:28:55,559 - WARNING - Not Found: /favicon.ico
2025-06-17 12:29:04,404 - INFO - Received roadmap generation request
2025-06-17 12:29:04,405 - INFO - Processing prompt: whatsapp clone
2025-06-17 12:29:04,406 - INFO - Generating roadmap...
2025-06-17 12:29:04,406 - INFO - Starting roadmap generation for prompt: whatsapp clone
2025-06-17 12:29:04,407 - INFO - Cache miss. Proceeding with new roadmap generation...
2025-06-17 12:29:04,409 - INFO - Initializing Gemini model...
2025-06-17 12:29:04,409 - INFO - Gemini model initialized successfully
2025-06-17 12:29:04,410 - INFO - Sending prompt to Gemini model...
2025-06-17 12:29:06,312 - ERROR - Error generating roadmap: 400 API key not valid. Please pass a valid API key. [reason: "API_KEY_INVALID"
domain: "googleapis.com"
metadata {
  key: "service"
  value: "generativelanguage.googleapis.com"
}
, locale: "en-US"
message: "API key not valid. Please pass a valid API key."
]
2025-06-17 12:29:06,312 - INFO - Falling back to default roadmap
2025-06-17 12:29:06,312 - INFO - Generated roadmap for project: Whatsapp Clone Project
2025-06-17 12:29:06,312 - INFO - Retrieved authentication token
2025-06-17 12:29:06,312 - INFO - Saving project to Django backend...
2025-06-17 12:29:06,373 - INFO - Project saved successfully to Django backend
2025-06-17 12:29:06,377 - INFO - Endpoint: /api/roadmap/ | Method: POST | Duration: 1.974161s | Status: 200
2025-06-17 12:36:49,542 - INFO - Received roadmap generation request
2025-06-17 12:36:49,543 - INFO - Processing prompt: whatsapp clone
2025-06-17 12:36:49,543 - INFO - Generating roadmap...
2025-06-17 12:36:49,544 - INFO - Starting roadmap generation for prompt: whatsapp clone
2025-06-17 12:36:49,545 - INFO - Cache miss. Proceeding with new roadmap generation...
2025-06-17 12:36:49,545 - INFO - Initializing Gemini model...
2025-06-17 12:36:49,547 - INFO - Gemini model initialized successfully
2025-06-17 12:36:49,548 - INFO - Sending prompt to Gemini model...
2025-06-17 12:36:51,317 - ERROR - Error generating roadmap: 400 API key not valid. Please pass a valid API key. [reason: "API_KEY_INVALID"
domain: "googleapis.com"
metadata {
  key: "service"
  value: "generativelanguage.googleapis.com"
}
, locale: "en-US"
message: "API key not valid. Please pass a valid API key."
]
2025-06-17 12:36:51,317 - INFO - Falling back to default roadmap
2025-06-17 12:36:51,317 - INFO - Generated roadmap for project: Whatsapp Clone Project
2025-06-17 12:36:51,317 - INFO - Retrieved authentication token
2025-06-17 12:36:51,317 - INFO - Saving project to Django backend...
2025-06-17 12:36:51,347 - INFO - Project saved successfully to Django backend
2025-06-17 12:36:51,347 - INFO - Endpoint: /api/roadmap/ | Method: POST | Duration: 1.804988s | Status: 200
2025-06-17 12:37:20,881 - INFO - Received roadmap generation request
2025-06-17 12:37:20,883 - INFO - Processing prompt: whatsapp clone
2025-06-17 12:37:20,883 - INFO - Generating roadmap...
2025-06-17 12:37:20,884 - INFO - Starting roadmap generation for prompt: whatsapp clone
2025-06-17 12:37:20,885 - INFO - Cache miss. Proceeding with new roadmap generation...
2025-06-17 12:37:20,885 - INFO - Initializing Gemini model...
2025-06-17 12:37:20,887 - INFO - Gemini model initialized successfully
2025-06-17 12:37:20,887 - INFO - Sending prompt to Gemini model...
2025-06-17 12:37:22,691 - ERROR - Error generating roadmap: 400 API key not valid. Please pass a valid API key. [reason: "API_KEY_INVALID"
domain: "googleapis.com"
metadata {
  key: "service"
  value: "generativelanguage.googleapis.com"
}
, locale: "en-US"
message: "API key not valid. Please pass a valid API key."
]
2025-06-17 12:37:22,693 - INFO - Falling back to default roadmap
2025-06-17 12:37:22,693 - INFO - Generated roadmap for project: Whatsapp Clone Project
2025-06-17 12:37:22,693 - INFO - Retrieved authentication token
2025-06-17 12:37:22,693 - INFO - Saving project to Django backend...
2025-06-17 12:37:22,726 - INFO - Project saved successfully to Django backend
2025-06-17 12:37:22,726 - INFO - Endpoint: /api/roadmap/ | Method: POST | Duration: 1.844794s | Status: 200
2025-06-17 12:41:02,951 - INFO - C:\Users\Naman Sharma\Documents\codeweave\cw_webapp\api\views.py changed, reloading.
2025-06-17 12:56:58,707 - WARNING - Not Found: /favicon.ico
2025-06-17 12:57:08,380 - INFO - Received roadmap generation request
2025-06-17 12:57:08,380 - INFO - Processing prompt: clash of clans clone game
2025-06-17 12:57:08,382 - INFO - Generating roadmap...
2025-06-17 12:57:08,383 - INFO - Starting roadmap generation for prompt: clash of clans clone game
2025-06-17 12:57:08,384 - INFO - Cache miss. Proceeding with new roadmap generation...
2025-06-17 12:57:08,385 - INFO - Initializing Gemini model...
2025-06-17 12:57:08,386 - INFO - Gemini model initialized successfully
2025-06-17 12:57:08,387 - INFO - Sending prompt to Gemini model...
2025-06-17 12:57:48,487 - INFO - Received response from Gemini model
2025-06-17 12:57:48,487 - INFO - Processing model response...
2025-06-17 12:57:48,487 - INFO - Found JSON structure in response
2025-06-17 12:57:48,487 - INFO - Parsing JSON response...
2025-06-17 12:57:48,487 - INFO - Adding metadata to roadmap...
2025-06-17 12:57:48,487 - INFO - Caching generated roadmap...
2025-06-17 12:57:48,490 - INFO - Roadmap generation completed successfully
2025-06-17 12:57:48,490 - INFO - Generated roadmap for project: Battleground Builder: A Strategy War Game
2025-06-17 12:57:48,490 - INFO - Retrieved authentication token
2025-06-17 12:57:48,490 - INFO - Saving project to Django backend...
2025-06-17 12:57:48,502 - INFO - Project saved successfully to Django backend
2025-06-17 12:57:48,502 - INFO - Endpoint: /api/roadmap/ | Method: POST | Duration: 40.12258s | Status: 200
2025-06-17 13:27:09,356 - WARNING - Not Found: /favicon.ico
2025-06-17 13:27:23,260 - INFO - Received roadmap generation request
2025-06-17 13:27:23,260 - INFO - Processing prompt: insta clone
2025-06-17 13:27:23,261 - INFO - Generating roadmap...
2025-06-17 13:27:23,262 - INFO - Starting roadmap generation for prompt: insta clone
2025-06-17 13:27:23,262 - INFO - Cache miss. Proceeding with new roadmap generation...
2025-06-17 13:27:23,263 - INFO - Initializing Gemini model...
2025-06-17 13:27:23,264 - INFO - Gemini model initialized successfully
2025-06-17 13:27:23,264 - INFO - Sending prompt to Gemini model...
2025-06-17 13:28:07,237 - INFO - Received response from Gemini model
2025-06-17 13:28:07,237 - INFO - Processing model response...
2025-06-17 13:28:07,237 - INFO - Found JSON structure in response
2025-06-17 13:28:07,237 - INFO - Parsing JSON response...
2025-06-17 13:28:07,246 - ERROR - Failed to parse JSON response
2025-06-17 13:28:07,246 - INFO - Falling back to default roadmap
2025-06-17 13:28:07,246 - INFO - Generated roadmap for project: Insta Clone Project
2025-06-17 13:28:07,246 - INFO - Retrieved authentication token
2025-06-17 13:28:07,246 - INFO - Saving project to Django backend...
2025-06-17 13:28:07,276 - INFO - Project saved successfully to Django backend
2025-06-17 13:28:07,276 - INFO - Endpoint: /api/roadmap/ | Method: POST | Duration: 44.016461s | Status: 200
2025-06-17 14:48:35,836 - INFO - Received roadmap generation request
2025-06-17 14:48:35,838 - INFO - Processing prompt: {"description":"lotm game","duration":"8 months"}
2025-06-17 14:48:35,839 - INFO - Generating roadmap...
2025-06-17 14:48:35,839 - INFO - Starting roadmap generation for prompt: {"description":"lotm game","duration":"8 months"}
2025-06-17 14:48:35,841 - INFO - Cache miss. Proceeding with new roadmap generation...
2025-06-17 14:48:35,841 - INFO - Initializing Gemini model...
2025-06-17 14:48:35,842 - INFO - Gemini model initialized successfully
2025-06-17 14:48:35,843 - INFO - Sending prompt to Gemini model...
2025-06-17 14:49:22,042 - INFO - Received response from Gemini model
2025-06-17 14:49:22,042 - INFO - Processing model response...
2025-06-17 14:49:22,043 - INFO - Found JSON structure in response
2025-06-17 14:49:22,043 - INFO - Parsing JSON response...
2025-06-17 14:49:22,043 - ERROR - Failed to parse JSON response
2025-06-17 14:49:22,044 - INFO - Falling back to default roadmap
2025-06-17 14:49:22,044 - INFO - Generated roadmap for project: {"Description":"Lotm Game","Duration":"8 Months"} Project
2025-06-17 14:49:22,044 - INFO - Retrieved authentication token
2025-06-17 14:49:22,045 - INFO - Saving project to Django backend...
2025-06-17 14:49:22,070 - INFO - Project saved successfully to Django backend
2025-06-17 14:49:22,071 - INFO - Endpoint: /api/roadmap/ | Method: POST | Duration: 46.235265s | Status: 200
2025-06-17 14:51:36,894 - INFO - Received roadmap generation request
2025-06-17 14:51:36,895 - INFO - Processing prompt: {"description":"lotm game","duration":"8 months"}
2025-06-17 14:51:36,895 - INFO - Generating roadmap...
2025-06-17 14:51:36,896 - INFO - Starting roadmap generation for prompt: {"description":"lotm game","duration":"8 months"}
2025-06-17 14:51:36,896 - INFO - Cache miss. Proceeding with new roadmap generation...
2025-06-17 14:51:36,896 - INFO - Initializing Gemini model...
2025-06-17 14:51:36,897 - INFO - Gemini model initialized successfully
2025-06-17 14:51:36,897 - INFO - Sending prompt to Gemini model...
2025-06-17 14:52:24,462 - INFO - Received response from Gemini model
2025-06-17 14:52:24,462 - INFO - Processing model response...
2025-06-17 14:52:24,462 - INFO - Found JSON structure in response
2025-06-17 14:52:24,462 - INFO - Parsing JSON response...
2025-06-17 14:52:24,466 - ERROR - Failed to parse JSON response
2025-06-17 14:52:24,466 - INFO - Falling back to default roadmap
2025-06-17 14:52:24,466 - INFO - Generated roadmap for project: {"Description":"Lotm Game","Duration":"8 Months"} Project
2025-06-17 14:52:24,466 - INFO - Retrieved authentication token
2025-06-17 14:52:24,466 - INFO - Saving project to Django backend...
2025-06-17 14:52:24,482 - INFO - Project saved successfully to Django backend
2025-06-17 14:52:24,483 - INFO - Endpoint: /api/roadmap/ | Method: POST | Duration: 47.589378s | Status: 200
2025-06-20 13:46:23,871 - WARNING - Not Found: /favicon.ico
2025-06-24 11:52:17,124 - WARNING - Not Found: /favicon.ico
2025-06-24 12:07:39,605 - INFO - C:\Users\Naman Sharma\Documents\codeweave\cw_webapp\api\views.py changed, reloading.
2025-06-24 12:08:42,265 - WARNING - Not Found: /favicon.ico
2025-06-24 12:09:28,914 - INFO - C:\Users\Naman Sharma\Documents\codeweave\cw_webapp\api\views.py changed, reloading.
2025-06-24 12:10:22,505 - INFO - Received roadmap generation request
2025-06-24 12:10:22,507 - INFO - Processing prompt: insta clone
2025-06-24 12:10:22,508 - INFO - Generating roadmap...
2025-06-24 12:10:22,508 - INFO - Starting roadmap generation for prompt: insta clone
2025-06-24 12:10:22,509 - INFO - Cache miss. Proceeding with new roadmap generation...
2025-06-24 12:10:22,510 - INFO - Initializing Gemini model...
2025-06-24 12:10:22,510 - INFO - Gemini model initialized successfully
2025-06-24 12:10:22,512 - INFO - Sending prompt to Gemini model...
2025-06-24 12:11:10,201 - INFO - Received response from Gemini model
2025-06-24 12:11:10,201 - ERROR - Error generating roadmap: Invalid operation: The `response.text` quick accessor requires the response to contain a valid `Part`, but none were returned. The candidate's [finish_reason](https://ai.google.dev/api/generate-content#finishreason) is 2.
2025-06-24 12:11:10,201 - INFO - Falling back to default roadmap
2025-06-24 12:11:10,201 - INFO - Generated roadmap for project: Insta Clone Project
2025-06-24 12:11:10,201 - INFO - Retrieved authentication token
2025-06-24 12:11:10,201 - INFO - Saving project to Django backend...
2025-06-24 12:11:10,249 - INFO - Project saved successfully to Django backend
2025-06-24 12:11:10,249 - INFO - Endpoint: /api/roadmap/ | Method: POST | Duration: 47.744349s | Status: 200
2025-06-24 12:16:31,199 - INFO - Received roadmap generation request
2025-06-24 12:16:31,200 - INFO - Processing prompt: browser similar to opera gx 
2025-06-24 12:16:31,201 - INFO - Generating roadmap...
2025-06-24 12:16:31,202 - INFO - Starting roadmap generation for prompt: browser similar to opera gx 
2025-06-24 12:16:31,203 - INFO - Cache miss. Proceeding with new roadmap generation...
2025-06-24 12:16:31,204 - INFO - Initializing Gemini model...
2025-06-24 12:16:31,205 - INFO - Gemini model initialized successfully
2025-06-24 12:16:31,206 - INFO - Sending prompt to Gemini model...
2025-06-24 12:17:15,524 - INFO - Received response from Gemini model
2025-06-24 12:17:15,524 - INFO - Processing model response...
2025-06-24 12:17:15,524 - INFO - Found JSON structure in response
2025-06-24 12:17:15,524 - INFO - Parsing JSON response...
2025-06-24 12:17:15,524 - INFO - Adding metadata to roadmap...
2025-06-24 12:17:15,524 - INFO - Caching generated roadmap...
2025-06-24 12:17:15,524 - INFO - Roadmap generation completed successfully
2025-06-24 12:17:15,524 - INFO - Generated roadmap for project: Project NovaBrowse GX
2025-06-24 12:17:15,524 - INFO - Retrieved authentication token
2025-06-24 12:17:15,524 - INFO - Saving project to Django backend...
2025-06-24 12:17:15,571 - INFO - Project saved successfully to Django backend
2025-06-24 12:17:15,571 - INFO - Endpoint: /api/roadmap/ | Method: POST | Duration: 44.372374s | Status: 200
2025-06-24 12:19:02,769 - INFO - Received roadmap generation request
2025-06-24 12:19:02,769 - INFO - Processing prompt: browser similar to opera gx
2025-06-24 12:19:02,770 - INFO - Generating roadmap...
2025-06-24 12:19:02,772 - INFO - Starting roadmap generation for prompt: browser similar to opera gx
2025-06-24 12:19:02,773 - INFO - Cache hit! Returning cached roadmap for prompt: browser similar to opera gx
2025-06-24 12:19:02,773 - INFO - Generated roadmap for project: Project NovaBrowse GX
2025-06-24 12:19:02,774 - INFO - Retrieved authentication token
2025-06-24 12:19:02,775 - INFO - Saving project to Django backend...
2025-06-24 12:19:02,817 - INFO - Project saved successfully to Django backend
2025-06-24 12:19:02,827 - INFO - Endpoint: /api/roadmap/ | Method: POST | Duration: 0.059848s | Status: 200
2025-06-24 12:20:41,050 - INFO - C:\Users\Naman Sharma\Documents\codeweave\cw_webapp\api\views.py changed, reloading.
2025-06-24 12:21:29,549 - INFO - Received roadmap generation request
2025-06-24 12:21:29,552 - INFO - Processing prompt: browser similar to opera gx | Roadmap type: tech
2025-06-24 12:21:29,553 - INFO - Starting TECH roadmap generation for prompt: browser similar to opera gx
2025-06-24 12:21:29,554 - INFO - Cache miss. Proceeding with new TECH roadmap generation...
2025-06-24 12:21:39,390 - INFO - C:\Users\Naman Sharma\Documents\codeweave\cw_webapp\api\views.py changed, reloading.
2025-06-24 12:22:17,903 - INFO - Received roadmap generation request
2025-06-24 12:22:17,905 - INFO - Processing prompt: browser similar to opera gx | Roadmap type: tech
2025-06-24 12:22:17,906 - INFO - Starting TECH roadmap generation for prompt: browser similar to opera gx
2025-06-24 12:22:17,906 - INFO - Cache miss. Proceeding with new TECH roadmap generation...
2025-06-24 12:23:10,270 - ERROR - Failed to parse TECH JSON response
2025-06-24 12:23:10,272 - INFO - Generated roadmap for project: Browser Similar To Opera Gx Project
2025-06-24 12:23:10,272 - INFO - Retrieved authentication token
2025-06-24 12:23:10,283 - INFO - Project saved successfully to Django backend
2025-06-24 12:23:10,283 - INFO - Endpoint: /api/roadmap/ | Method: POST | Duration: 52.380315s | Status: 200
2025-06-24 12:25:47,169 - INFO - Received roadmap generation request
2025-06-24 12:25:47,170 - INFO - Processing prompt: a business startup for a lemonade chain | Roadmap type: non-tech
2025-06-24 12:25:47,171 - INFO - Starting roadmap generation for prompt: a business startup for a lemonade chain
2025-06-24 12:25:47,172 - INFO - Cache miss. Proceeding with new roadmap generation...
2025-06-24 12:25:47,173 - INFO - Initializing Gemini model...
2025-06-24 12:25:47,174 - INFO - Gemini model initialized successfully
2025-06-24 12:25:47,174 - INFO - Sending prompt to Gemini model...
2025-06-24 12:26:35,184 - INFO - Received response from Gemini model
2025-06-24 12:26:35,184 - INFO - Processing model response...
2025-06-24 12:26:35,184 - INFO - Found JSON structure in response
2025-06-24 12:26:35,184 - INFO - Parsing JSON response...
2025-06-24 12:26:35,184 - ERROR - Failed to parse JSON response
2025-06-24 12:26:35,184 - INFO - Falling back to default roadmap
2025-06-24 12:26:35,184 - INFO - Generated roadmap for project: A Business Startup For A Lemonade Chain Project
2025-06-24 12:26:35,184 - INFO - Retrieved authentication token
2025-06-24 12:26:35,222 - INFO - Project saved successfully to Django backend
2025-06-24 12:26:35,222 - INFO - Endpoint: /api/roadmap/ | Method: POST | Duration: 48.054155s | Status: 200
2025-06-24 12:27:11,938 - INFO - C:\Users\Naman Sharma\Documents\codeweave\cw_webapp\api\views.py changed, reloading.
2025-06-24 12:32:23,702 - WARNING - Not Found: /devenv.html
2025-06-24 12:35:27,846 - INFO - Received roadmap generation request
2025-06-24 12:35:27,847 - INFO - Processing prompt: instagram like blockchain based social media | Roadmap type: non-tech
2025-06-24 12:35:27,848 - INFO - Starting roadmap generation for prompt: instagram like blockchain based social media
2025-06-24 12:35:27,848 - INFO - Cache miss. Proceeding with new roadmap generation...
2025-06-24 12:35:27,849 - INFO - Initializing Gemini model...
2025-06-24 12:35:27,849 - INFO - Gemini model initialized successfully
2025-06-24 12:35:27,849 - INFO - Sending prompt to Gemini model...
2025-06-24 12:36:15,914 - INFO - Received response from Gemini model
2025-06-24 12:36:15,930 - INFO - Processing model response...
2025-06-24 12:36:15,930 - INFO - Found JSON structure in response
2025-06-24 12:36:15,930 - INFO - Parsing JSON response...
2025-06-24 12:36:15,930 - ERROR - Failed to parse JSON response
2025-06-24 12:36:15,930 - INFO - Falling back to default roadmap
2025-06-24 12:36:15,930 - INFO - Generated roadmap for project: Instagram Like Blockchain Based Social Media Project
2025-06-24 12:36:15,930 - INFO - Retrieved authentication token
2025-06-24 12:36:15,978 - INFO - Project saved successfully to Django backend
2025-06-24 12:36:15,978 - INFO - Endpoint: /api/roadmap/ | Method: POST | Duration: 48.132061s | Status: 200
2025-06-24 12:36:48,497 - INFO - Received roadmap generation request
2025-06-24 12:36:48,498 - INFO - Processing prompt: lord of mysteries game | Roadmap type: non-tech
2025-06-24 12:36:48,499 - INFO - Starting roadmap generation for prompt: lord of mysteries game
2025-06-24 12:36:48,499 - INFO - Cache miss. Proceeding with new roadmap generation...
2025-06-24 12:36:48,501 - INFO - Initializing Gemini model...
2025-06-24 12:36:48,502 - INFO - Gemini model initialized successfully
2025-06-24 12:36:48,502 - INFO - Sending prompt to Gemini model...
2025-06-24 12:37:38,748 - INFO - Received response from Gemini model
2025-06-24 12:37:38,748 - INFO - Processing model response...
2025-06-24 12:37:38,748 - INFO - Found JSON structure in response
2025-06-24 12:37:38,748 - INFO - Parsing JSON response...
2025-06-24 12:37:38,748 - ERROR - Failed to parse JSON response
2025-06-24 12:37:38,748 - INFO - Falling back to default roadmap
2025-06-24 12:37:38,751 - INFO - Generated roadmap for project: Lord Of Mysteries Game Project
2025-06-24 12:37:38,751 - INFO - Retrieved authentication token
2025-06-24 12:37:38,770 - INFO - Project saved successfully to Django backend
2025-06-24 12:37:38,770 - INFO - Endpoint: /api/roadmap/ | Method: POST | Duration: 50.27253s | Status: 200
2025-06-24 12:37:46,315 - INFO - Received roadmap generation request
2025-06-24 12:37:46,316 - INFO - Processing prompt: lord of mysteries game | Roadmap type: tech
2025-06-24 12:37:46,317 - INFO - Starting TECH roadmap generation for prompt: lord of mysteries game
2025-06-24 12:37:46,317 - INFO - Cache miss. Proceeding with new TECH roadmap generation...
2025-06-24 12:38:35,416 - ERROR - Error generating TECH roadmap: Invalid operation: The `response.text` quick accessor requires the response to contain a valid `Part`, but none were returned. The candidate's [finish_reason](https://ai.google.dev/api/generate-content#finishreason) is 2.
2025-06-24 12:38:35,416 - INFO - Generated roadmap for project: Lord Of Mysteries Game Project
2025-06-24 12:38:35,416 - INFO - Retrieved authentication token
2025-06-24 12:38:35,448 - INFO - Project saved successfully to Django backend
2025-06-24 12:38:35,448 - INFO - Endpoint: /api/roadmap/ | Method: POST | Duration: 49.13344s | Status: 200
2025-06-24 12:38:57,004 - INFO - Received roadmap generation request
2025-06-24 12:38:57,005 - INFO - Processing prompt: a browser similar to opera gx | Roadmap type: tech
2025-06-24 12:38:57,006 - INFO - Starting TECH roadmap generation for prompt: a browser similar to opera gx
2025-06-24 12:38:57,007 - INFO - Cache miss. Proceeding with new TECH roadmap generation...
2025-06-24 12:39:45,520 - ERROR - Failed to parse TECH JSON response
2025-06-24 12:39:45,520 - INFO - Generated roadmap for project: A Browser Similar To Opera Gx Project
2025-06-24 12:39:45,520 - INFO - Retrieved authentication token
2025-06-24 12:39:45,567 - INFO - Project saved successfully to Django backend
2025-06-24 12:39:45,567 - INFO - Endpoint: /api/roadmap/ | Method: POST | Duration: 48.564522s | Status: 200
2025-06-24 12:39:54,003 - INFO - Received roadmap generation request
2025-06-24 12:39:54,004 - INFO - Processing prompt: a browser similar to opera gx | Roadmap type: non-tech
2025-06-24 12:39:54,005 - INFO - Starting roadmap generation for prompt: a browser similar to opera gx
2025-06-24 12:39:54,006 - INFO - Cache miss. Proceeding with new roadmap generation...
2025-06-24 12:39:54,007 - INFO - Initializing Gemini model...
2025-06-24 12:39:54,008 - INFO - Gemini model initialized successfully
2025-06-24 12:39:54,009 - INFO - Sending prompt to Gemini model...
2025-06-24 12:40:42,307 - INFO - Received response from Gemini model
2025-06-24 12:40:42,307 - INFO - Processing model response...
2025-06-24 12:40:42,307 - INFO - Found JSON structure in response
2025-06-24 12:40:42,307 - INFO - Parsing JSON response...
2025-06-24 12:40:42,307 - ERROR - Failed to parse JSON response
2025-06-24 12:40:42,307 - INFO - Falling back to default roadmap
2025-06-24 12:40:42,307 - INFO - Generated roadmap for project: A Browser Similar To Opera Gx Project
2025-06-24 12:40:42,307 - INFO - Retrieved authentication token
2025-06-24 12:40:42,339 - INFO - Project saved successfully to Django backend
2025-06-24 12:40:42,355 - INFO - Endpoint: /api/roadmap/ | Method: POST | Duration: 48.351874s | Status: 200
2025-06-27 12:22:43,465 - WARNING - Not Found: /favicon.ico
2025-06-27 12:24:27,911 - INFO - Received roadmap generation request
2025-06-27 12:24:27,912 - INFO - Processing prompt: opera gx clone | Roadmap type: non-tech
2025-06-27 12:24:27,912 - INFO - Starting roadmap generation for prompt: opera gx clone
2025-06-27 12:24:27,913 - INFO - Cache miss. Proceeding with new roadmap generation...
2025-06-27 12:24:27,913 - INFO - Initializing Gemini model...
2025-06-27 12:24:27,914 - INFO - Gemini model initialized successfully
2025-06-27 12:24:27,915 - INFO - Sending prompt to Gemini model...
2025-06-27 12:25:19,431 - INFO - Received response from Gemini model
2025-06-27 12:25:19,431 - INFO - Processing model response...
2025-06-27 12:25:19,431 - INFO - Found JSON structure in response
2025-06-27 12:25:19,431 - INFO - Parsing JSON response...
2025-06-27 12:25:19,431 - ERROR - Failed to parse JSON response
2025-06-27 12:25:19,431 - INFO - Falling back to default roadmap
2025-06-27 12:25:19,431 - INFO - Generated roadmap for project: Opera Gx Clone Project
2025-06-27 12:25:19,431 - INFO - Retrieved authentication token
2025-06-27 12:25:19,453 - INFO - Project saved successfully to Django backend
2025-06-27 12:25:19,455 - INFO - Endpoint: /api/roadmap/ | Method: POST | Duration: 51.545111s | Status: 200
2025-06-27 12:26:33,633 - INFO - C:\Users\Naman Sharma\Documents\codeweave\cw_webapp\api\views.py changed, reloading.
2025-06-27 12:27:20,480 - INFO - Initialized model: gemini-1.5-pro
2025-06-27 12:27:22,339 - ERROR - Error generating roadmap: 429 You exceeded your current quota, please check your plan and billing details. For more information on this error, head to: https://ai.google.dev/gemini-api/docs/rate-limits. [violations {
}
violations {
}
violations {
}
, links {
  description: "Learn more about Gemini API quotas"
  url: "https://ai.google.dev/gemini-api/docs/rate-limits"
}
, retry_delay {
  seconds: 35
}
]
2025-06-27 12:27:22,371 - INFO - Endpoint: /api/roadmap/ | Method: POST | Duration: 1.891897s | Status: 200
2025-06-27 12:27:53,621 - INFO - C:\Users\Naman Sharma\Documents\codeweave\cw_webapp\api\views.py changed, reloading.
2025-07-02 12:29:46,128 - WARNING - Not Found: /favicon.ico
2025-07-02 12:31:31,925 - INFO - Initialized model: gemini-1.5-pro
2025-07-02 12:31:33,967 - ERROR - Error generating roadmap: 429 You exceeded your current quota, please check your plan and billing details. For more information on this error, head to: https://ai.google.dev/gemini-api/docs/rate-limits. [violations {
}
violations {
}
violations {
}
, links {
  description: "Learn more about Gemini API quotas"
  url: "https://ai.google.dev/gemini-api/docs/rate-limits"
}
, retry_delay {
  seconds: 25
}
]
2025-07-02 12:31:34,004 - INFO - Endpoint: /api/roadmap/ | Method: POST | Duration: 2.079233s | Status: 200
2025-07-02 12:33:40,484 - INFO - Initialized model: gemini-1.5-pro
2025-07-02 12:33:42,266 - ERROR - Error generating roadmap: 429 You exceeded your current quota, please check your plan and billing details. For more information on this error, head to: https://ai.google.dev/gemini-api/docs/rate-limits. [violations {
}
violations {
}
violations {
}
, links {
  description: "Learn more about Gemini API quotas"
  url: "https://ai.google.dev/gemini-api/docs/rate-limits"
}
, retry_delay {
  seconds: 17
}
]
2025-07-02 12:33:42,297 - INFO - Endpoint: /api/roadmap/ | Method: POST | Duration: 1.813024s | Status: 200
2025-07-02 12:36:24,519 - INFO - C:\Users\Naman Sharma\Documents\codeweave\cw_webapp\api\views.py changed, reloading.
2025-07-02 12:36:45,880 - INFO - Starting roadmap generation for prompt: instagram clone
2025-07-02 12:36:45,883 - INFO - Initializing generative model: gemini-1.5-pro
2025-07-02 12:36:45,883 - INFO - Model initialized. Generating content...
2025-07-02 12:36:46,525 - ERROR - Error generating roadmap: 429 You exceeded your current quota, please check your plan and billing details. For more information on this error, head to: https://ai.google.dev/gemini-api/docs/rate-limits. [violations {
}
violations {
}
violations {
}
, links {
  description: "Learn more about Gemini API quotas"
  url: "https://ai.google.dev/gemini-api/docs/rate-limits"
}
, retry_delay {
  seconds: 12
}
]
2025-07-02 12:36:46,546 - INFO - Endpoint: /api/roadmap/ | Method: POST | Duration: 0.666678s | Status: 200
2025-07-02 12:40:26,039 - INFO - C:\Users\Naman Sharma\Documents\codeweave\cw_webapp\api\views.py changed, reloading.
2025-07-02 12:40:36,598 - INFO - C:\Users\Naman Sharma\Documents\codeweave\cw_webapp\api\views.py changed, reloading.
2025-07-02 12:40:43,443 - INFO - Starting roadmap generation for prompt: whatsapp clone
2025-07-02 12:40:43,444 - INFO - Initializing generative model: models/gemini-2.5-flash-preview-05-20
2025-07-02 12:40:43,444 - INFO - Model initialized. Generating content...
2025-07-02 12:41:26,979 - INFO - Model response received.
2025-07-02 12:41:26,983 - ERROR - Failed to parse JSON response: Expecting ',' delimiter: line 204 column 10 (char 14178)
2025-07-02 12:41:27,505 - INFO - Endpoint: /api/roadmap/ | Method: POST | Duration: 44.063516s | Status: 200
2025-07-02 12:44:03,589 - INFO - Starting roadmap generation for prompt: opera clone
2025-07-02 12:44:03,591 - INFO - Initializing generative model: models/gemini-2.5-flash-preview-05-20
2025-07-02 12:44:03,591 - INFO - Model initialized. Generating content...
2025-07-02 12:44:52,980 - INFO - Model response received.
2025-07-02 12:44:52,980 - INFO - JSON parsed successfully.
2025-07-02 12:44:52,980 - INFO - Roadmap generation complete and cached.
2025-07-02 12:44:53,018 - INFO - Endpoint: /api/roadmap/ | Method: POST | Duration: 49.429757s | Status: 200
2025-07-02 12:45:41,591 - INFO - Starting roadmap generation for prompt: clash of clans inspired game with one piece characters
2025-07-02 12:45:41,592 - INFO - Initializing generative model: models/gemini-2.5-flash-preview-05-20
2025-07-02 12:45:41,593 - INFO - Model initialized. Generating content...
2025-07-02 12:46:26,451 - INFO - Model response received.
2025-07-02 12:46:26,451 - ERROR - Failed to parse JSON response: Expecting ',' delimiter: line 221 column 18 (char 16493)
2025-07-02 12:46:26,487 - INFO - Endpoint: /api/roadmap/ | Method: POST | Duration: 44.897495s | Status: 200
2025-07-02 12:47:54,473 - INFO - C:\Users\Naman Sharma\Documents\codeweave\cw_webapp\api\views.py changed, reloading.
2025-07-02 12:48:03,578 - INFO - Starting roadmap generation for prompt: clash of clans inspired game with one piece characters
2025-07-02 12:48:03,578 - INFO - Initializing generative model: models/gemini-2.5-flash-preview-05-20
2025-07-02 12:48:03,578 - INFO - Model initialized. Generating content...
2025-07-02 12:48:53,601 - INFO - Model response received.
2025-07-02 12:48:53,607 - ERROR - Failed to parse JSON response: Expecting ',' delimiter: line 345 column 14 (char 23830)
2025-07-02 12:48:53,607 - ERROR - JSON repair also failed: Expecting ',' delimiter: line 4 column 186 (char 262)
2025-07-02 12:48:53,607 - ERROR - Raw model response for debugging: ```json
{
    "project_overview": {
        "name": "One Piece: Grand Line Clashes",
        "description": "A mobile strategy game inspired by the core gameplay loop of Clash of Clans, intricately integrating the rich world, iconic characters, and lore of Eiichiro Oda's 'One Piece'. Players will build and defend their own pirate base, recruit and train a roster of beloved One Piece characters as unique troops, and raid other player bases or challenging Marine strongholds to gather resources, acquire bounties, and climb the ranks of the Grand Line.",
        "estimated_duration": "12-15 months",
        "team_size": "15-20 (Project Manager, Lead Developer, 2-3 Backend Developers, 3-4 Mobile Developers, UI/UX Designer, 4-5 2D/3D Artists & Animators, Game Designer, QA Lead, 2-3 QA Testers, Sound Designer, Marketing Specialist)",
        "objectives": [
            "Develop and launch a stable, engaging, and highly performant mobile strategy game on iOS and Android platforms within 15 mon
2025-07-02 12:48:53,657 - INFO - Endpoint: /api/roadmap/ | Method: POST | Duration: 50.079346s | Status: 200
2025-07-02 12:51:24,481 - INFO - Starting roadmap generation for prompt: clash of clans inspired game with one piece characters
2025-07-02 12:51:24,482 - INFO - Initializing generative model: models/gemini-2.5-flash-preview-05-20
2025-07-02 12:51:24,484 - INFO - Model initialized. Generating content...
2025-07-02 12:52:12,293 - INFO - Model response received.
2025-07-02 12:52:12,293 - ERROR - Failed to parse JSON response: Expecting ',' delimiter: line 453 column 10 (char 31645)
2025-07-02 12:52:12,293 - ERROR - JSON repair also failed: Expecting ',' delimiter: line 47 column 131 (char 4094)
2025-07-02 12:52:12,293 - ERROR - Raw model response for debugging: ```json
{
    "project_overview": {
        "name": "Grand Line Stronghold: One Piece Clash",
        "description": "A comprehensive project to develop a mobile strategy game (iOS/Android) inspired by Clash of Clans, seamlessly integrating the rich world, iconic characters, and unique abilities of the One Piece anime/manga. Players will build and defend their pirate strongholds, recruit and train One Piece characters as troops, and engage in tactical combat against other players to gather resources and dominate the Grand Line.",
        "estimated_duration": "40-48 weeks (10-12 months)",
        "team_size": "12-15 (1 Game Director, 2 Game Designers, 1 Concept Artist, 4 2D/3D Artists/Animators, 5 Developers (2 Frontend/Unity, 3 Backend/Server), 1 QA Lead, 1-2 QA Testers, 1 Project Manager)",
        "objectives": [
            "Develop and launch a fully functional, stable mobile strategy game (iOS/Android) featuring core CoC mechanics (base building, resource management, tactical com
2025-07-02 12:52:12,306 - INFO - Endpoint: /api/roadmap/ | Method: POST | Duration: 47.825713s | Status: 200
2025-07-02 12:53:21,276 - INFO - C:\Users\Naman Sharma\Documents\codeweave\cw_webapp\api\views.py changed, reloading.
2025-07-02 12:54:22,978 - INFO - C:\Users\Naman Sharma\Documents\codeweave\cw_webapp\api\views.py changed, reloading.
2025-07-02 12:54:31,399 - INFO - Starting roadmap generation for prompt: clash of clans inspired game with one piece characters
2025-07-02 12:54:31,399 - INFO - Initializing generative model: models/gemini-2.5-flash-preview-05-20
2025-07-02 12:54:31,399 - INFO - Model initialized. Generating content...
2025-07-02 12:55:17,345 - INFO - Model response received.
2025-07-02 12:55:17,350 - ERROR - Failed to parse JSON response: Expecting ',' delimiter: line 206 column 18 (char 16128)
2025-07-02 12:55:17,350 - ERROR - JSON repair also failed: Expecting ',' delimiter: line 54 column 154 (char 4730)
2025-07-02 12:55:17,352 - ERROR - Raw model response for debugging: ```json
{
    "project_overview": {
        "name": "Grand Line Clash: One Piece Kingdom Builders",
        "description": "Develop a mobile strategy game inspired by Clash of Clans, integrating the rich universe and iconic characters of One Piece. Players will build and defend their own pirate strongholds, recruit and upgrade beloved One Piece characters, and engage in tactical battles against other players and NPC factions. The game will feature core mechanics of base building, resource management, character progression, and real-time strategic combat, all rendered in a vibrant, anime-inspired art style.",
        "estimated_duration": "12-15 months",
        "team_size": "18-22 (Project Manager, Game Designer, Lead Developer, 2 Backend Devs, 2 Frontend Devs, UI/UX Designer, Art Director, 3 Character/Prop Artists, 2 Environment Artists, Animator, Sound Designer, QA Lead, 2 QA Testers, Marketing Specialist)",
        "objectives": [
            "Launch a Minimum Viable Product (MVP) o
2025-07-02 12:55:17,376 - INFO - Endpoint: /api/roadmap/ | Method: POST | Duration: 45.976776s | Status: 200
2025-07-02 12:56:34,863 - INFO - Starting roadmap generation for prompt: a game like minecraft
2025-07-02 12:56:34,864 - INFO - Initializing generative model: models/gemini-2.5-flash-preview-05-20
2025-07-02 12:56:34,865 - INFO - Model initialized. Generating content...
2025-07-02 12:57:27,072 - INFO - Model response received.
2025-07-02 12:57:27,072 - ERROR - Failed to parse JSON response: Expecting ',' delimiter: line 377 column 10 (char 28631)
2025-07-02 12:57:27,075 - ERROR - JSON repair also failed: Expecting ',' delimiter: line 13 column 173 (char 1868)
2025-07-02 12:57:27,075 - ERROR - Raw model response for debugging: {
    "project_overview": {
        "name": "VoxelCrafter: Infinite Horizons",
        "description": "VoxelCrafter: Infinite Horizons is a comprehensive sandbox survival game inspired by the procedural world generation, crafting, and building mechanics of Minecraft. Players will embark on an adventure in an infinitely generated voxel world, where they can mine diverse resources, craft tools, weapons, and armor, construct intricate structures, and survive against environmental hazards and hostile creatures. The game aims to provide a robust single-player experience with a strong emphasis on exploration and creativity, while also supporting a stable multiplayer environment for shared adventures.",
        "estimated_duration": "14 Months (58 weeks)",
        "team_size": "10-12 core members (1 Lead Developer, 3-4 Core Programmers, 2 3D Voxel Artists, 1 UI/UX Designer, 1 Sound Designer/Composer, 1 QA Engineer, 1 Project Manager)",
        "objectives": [
            "Develop a stable and
2025-07-02 12:57:27,117 - INFO - Endpoint: /api/roadmap/ | Method: POST | Duration: 52.254245s | Status: 200
2025-07-02 12:58:08,604 - INFO - Starting roadmap generation for prompt: a browser like opera
2025-07-02 12:58:08,604 - INFO - Initializing generative model: models/gemini-2.5-flash-preview-05-20
2025-07-02 12:58:08,605 - INFO - Model initialized. Generating content...
2025-07-02 12:58:53,448 - INFO - Model response received.
2025-07-02 12:58:53,448 - ERROR - Failed to parse JSON response: Expecting ',' delimiter: line 487 column 18 (char 32660)
2025-07-02 12:58:53,448 - ERROR - JSON repair also failed: Expecting ',' delimiter: line 16 column 69 (char 1940)
2025-07-02 12:58:53,448 - ERROR - Raw model response for debugging: ```json
{
    "project_overview": {
        "name": "NovaBrowser: A Next-Generation Web Browser",
        "description": "Develop a high-performance, secure, and feature-rich web browser similar to Opera, focusing on enhanced privacy, built-in utility features (VPN, ad-blocker), AI integration, and extensive user customization. The browser will be built on a robust, open-source rendering engine and target multiple major operating systems (Windows, macOS, Linux, eventually mobile). It aims to provide a fast, intuitive, and secure browsing experience with a strong emphasis on user control and modern web capabilities.",
        "estimated_duration": "20-24 months (for MVP and initial stable release)",
        "team_size": "40-50 individuals (including Product, UI/UX, Frontend, Backend/Core, QA, DevOps, Security, Technical Writing)",
        "objectives": [
            "Launch a stable, secure, and performant cross-platform browser (Windows, macOS, Linux) within 24 months, meeting key perf
2025-07-02 12:58:53,467 - INFO - Endpoint: /api/roadmap/ | Method: POST | Duration: 44.863253s | Status: 200
2025-07-02 12:59:12,699 - INFO - C:\Users\Naman Sharma\Documents\codeweave\cw_webapp\api\views.py changed, reloading.
2025-07-02 12:59:44,025 - INFO - Starting roadmap generation for prompt: a browser like opera
2025-07-02 12:59:44,025 - INFO - Initializing generative model: models/gemini-2.5-flash-preview-05-20
2025-07-02 12:59:44,025 - INFO - Model initialized. Generating content...
2025-07-02 13:00:30,891 - INFO - Model response received.
2025-07-02 13:00:30,891 - ERROR - Failed to parse JSON response: Expecting ',' delimiter: line 572 column 18 (char 37729)
2025-07-02 13:00:30,914 - INFO - Endpoint: /api/roadmap/ | Method: POST | Duration: 46.889695s | Status: 200
2025-07-02 13:01:07,299 - INFO - Starting roadmap generation for prompt: build a browser similar to google chrome. it should be fast, robust and portable
2025-07-02 13:01:07,299 - INFO - Initializing generative model: models/gemini-2.5-flash-preview-05-20
2025-07-02 13:01:07,300 - INFO - Model initialized. Generating content...
2025-07-02 13:01:53,878 - INFO - Model response received.
2025-07-02 13:01:53,881 - ERROR - Failed to parse JSON response: Expecting ',' delimiter: line 251 column 14 (char 17536)
2025-07-02 13:01:53,924 - INFO - Endpoint: /api/roadmap/ | Method: POST | Duration: 46.62611s | Status: 200
2025-07-02 13:02:54,401 - INFO - Starting roadmap generation for prompt: a clone of instagram
2025-07-02 13:02:54,402 - INFO - Initializing generative model: models/gemini-2.5-flash-preview-05-20
2025-07-02 13:02:54,403 - INFO - Model initialized. Generating content...
2025-07-02 13:03:39,240 - INFO - Model response received.
2025-07-02 13:03:39,240 - ERROR - Failed to parse JSON response: Expecting ',' delimiter: line 586 column 18 (char 36794)
2025-07-02 13:03:39,274 - INFO - Endpoint: /api/roadmap/ | Method: POST | Duration: 44.874198s | Status: 200
2025-07-02 13:12:40,906 - WARNING - Not Found: /favicon.ico
2025-07-02 13:13:02,902 - INFO - Starting roadmap generation for prompt: a game similar to clash of clans
2025-07-02 13:13:02,902 - INFO - Initializing generative model: models/gemini-2.5-flash-preview-05-20
2025-07-02 13:13:02,902 - INFO - Model initialized. Generating content...
2025-07-02 13:13:49,858 - INFO - Model response received.
2025-07-02 13:13:49,862 - INFO - JSON parsed successfully.
2025-07-02 13:13:49,862 - INFO - Roadmap generation complete and cached.
2025-07-02 13:13:49,907 - INFO - Endpoint: /api/roadmap/ | Method: POST | Duration: 47.004998s | Status: 200
2025-07-02 13:19:59,126 - INFO - C:\Users\Naman Sharma\Documents\codeweave\cw_webapp\api\views.py changed, reloading.
2025-07-02 13:20:55,378 - INFO - C:\Users\Naman Sharma\Documents\codeweave\cw_webapp\api\views.py changed, reloading.
2025-07-02 13:25:19,212 - INFO - Starting roadmap generation for prompt: a game similar to clash of clans
2025-07-02 13:25:19,213 - INFO - Initializing generative model: models/gemini-2.5-flash-preview-05-20
2025-07-02 13:25:19,214 - INFO - Model initialized. Generating content...
2025-07-02 13:26:03,348 - INFO - Model response received.
2025-07-02 13:26:03,349 - INFO - JSON parsed successfully.
2025-07-02 13:26:03,349 - INFO - Roadmap generation complete and cached.
2025-07-02 13:26:03,370 - INFO - Endpoint: /api/roadmap/ | Method: POST | Duration: 44.158048s | Status: 200
2025-07-02 13:33:55,076 - INFO - Starting roadmap generation for prompt: a game similar to minecraft
2025-07-02 13:33:55,077 - INFO - Initializing generative model: models/gemini-2.5-flash-preview-05-20
2025-07-02 13:33:55,077 - INFO - Model initialized. Generating content...
2025-07-02 13:34:45,424 - INFO - Model response received.
2025-07-02 13:34:45,427 - ERROR - Failed to parse JSON response: Expecting ',' delimiter: line 487 column 10 (char 33844)
2025-07-02 13:34:45,453 - INFO - Endpoint: /api/roadmap/ | Method: POST | Duration: 50.376631s | Status: 200
2025-07-02 13:35:07,097 - INFO - Starting roadmap generation for prompt: a game similar to clash of clans
2025-07-02 13:35:07,097 - INFO - Returning cached roadmap for prompt: a game similar to clash of clans
2025-07-02 13:35:07,150 - INFO - Endpoint: /api/roadmap/ | Method: POST | Duration: 0.053049s | Status: 200
2025-07-02 13:35:15,200 - INFO - Starting roadmap generation for prompt: a game similar to clash royale
2025-07-02 13:35:15,200 - INFO - Initializing generative model: models/gemini-2.5-flash-preview-05-20
2025-07-02 13:35:15,201 - INFO - Model initialized. Generating content...
2025-07-02 13:36:03,337 - INFO - Model response received.
2025-07-02 13:36:03,337 - ERROR - Failed to parse JSON response: Expecting ',' delimiter: line 512 column 18 (char 33704)
2025-07-02 13:36:03,377 - INFO - Endpoint: /api/roadmap/ | Method: POST | Duration: 48.176882s | Status: 200
2025-07-02 13:39:56,270 - INFO - C:\Users\Naman Sharma\Documents\codeweave\cw_webapp\api\views.py changed, reloading.
2025-07-02 13:40:04,926 - INFO - C:\Users\Naman Sharma\Documents\codeweave\cw_webapp\api\views.py changed, reloading.
2025-07-02 13:42:52,290 - INFO - C:\Users\Naman Sharma\Documents\codeweave\cw_webapp\api\views.py changed, reloading.
2025-07-02 13:43:16,914 - INFO - C:\Users\Naman Sharma\Documents\codeweave\cw_webapp\api\views.py changed, reloading.
2025-07-02 13:43:33,645 - WARNING - Not Found: /favicon.ico
2025-07-02 13:43:37,750 - INFO - Starting roadmap generation for prompt: a game similar to clash royale
2025-07-02 13:43:37,750 - INFO - Initializing generative model: models/gemini-2.5-flash-preview-05-20
2025-07-02 13:43:37,751 - INFO - Model initialized. Generating content...
2025-07-02 13:44:26,995 - INFO - Model response received.
2025-07-02 13:44:26,997 - ERROR - Failed to clean and parse JSON: Expecting ',' delimiter: line 508 column 14 (char 34499)
2025-07-02 13:44:26,997 - ERROR - Failed to clean/parse JSON properly
2025-07-02 13:44:26,997 - INFO - Falling back to default roadmap
2025-07-02 13:44:27,035 - INFO - Endpoint: /api/roadmap/ | Method: POST | Duration: 49.286164s | Status: 200
2025-07-02 13:46:56,305 - INFO - C:\Users\Naman Sharma\Documents\codeweave\cw_webapp\api\views.py changed, reloading.
2025-07-02 13:47:23,764 - INFO - Starting roadmap generation for prompt: a game similar to clash royale
2025-07-02 13:47:23,764 - INFO - Initializing generative model: models/gemini-2.5-flash-preview-05-20
2025-07-02 13:47:23,777 - INFO - Model initialized. Generating content...
2025-07-02 13:48:10,621 - INFO - Model response received.
2025-07-02 13:48:10,621 - ERROR - Problematic JSON string: {
    "project_overview": {
        "name": "Arena Royale: Clash of Champions",
        "description": "A real-time player-versus-player (PvP) strategy game for mobile platforms (iOS and Android), heavily inspired by Clash Royale. Players collect and upgrade card-based units and spells, build decks, and strategically deploy them in a dynamic arena to destroy opponent's towers and claim victory. The game will feature a robust progression system, competitive ladders, and engaging monetization mech...
2025-07-02 13:48:10,624 - ERROR - Failed to clean and parse JSON: Expecting ',' delimiter: line 221 column 18 (char 14745)
2025-07-02 13:48:10,624 - ERROR - Failed to clean/parse JSON properly
2025-07-02 13:48:10,624 - INFO - Falling back to default roadmap
2025-07-02 13:48:10,672 - INFO - Endpoint: /api/roadmap/ | Method: POST | Duration: 46.907298s | Status: 200
2025-07-02 14:50:56,665 - INFO - Starting roadmap generation for prompt: a game similar to clash royale
2025-07-02 14:50:56,667 - INFO - Initializing generative model: models/gemini-2.5-flash-preview-05-20
2025-07-02 14:50:56,667 - INFO - Model initialized. Generating content...
2025-07-02 14:51:42,753 - INFO - Model response received.
2025-07-02 14:51:42,764 - ERROR - Problematic JSON string: {
    "project_overview": {
        "name": "Arena Clash: Mythic Wars",
        "description": "A real-time strategy card-battler mobile game similar to Clash Royale, focusing on competitive PvP, strategic deck building, and a robust progression system. Players collect and upgrade unique units/spells (cards) to deploy in a dynamic arena, aiming to destroy opponent towers within a time limit. The game will feature rich fantasy lore, diverse card archetypes, and engaging social features.",
       ...
2025-07-02 14:51:42,764 - ERROR - Failed to clean and parse JSON: Expecting ',' delimiter: line 438 column 10 (char 28826)
2025-07-02 14:51:42,764 - ERROR - Failed to clean/parse JSON properly
2025-07-02 14:51:42,767 - INFO - Falling back to default roadmap
2025-07-02 14:51:42,813 - INFO - Endpoint: /api/roadmap/ | Method: POST | Duration: 46.148753s | Status: 200
2025-07-02 14:54:53,581 - INFO - C:\Users\Naman Sharma\Documents\codeweave\cw_webapp\api\views.py changed, reloading.
2025-07-02 14:59:18,258 - INFO - Starting roadmap generation for prompt: a game similar to clash royale
2025-07-02 14:59:18,261 - INFO - Initializing generative model: models/gemini-2.5-flash-preview-05-20
2025-07-02 14:59:18,261 - INFO - Model initialized. Generating content...
2025-07-02 15:00:02,663 - INFO - Model response received.
2025-07-02 15:00:02,663 - ERROR - Problematic cleaned JSON string: {
{
{
{
{
{
{
{
{
{
{
{
{
{
{
{
{
{
{
{
{
...
2025-07-02 15:00:02,663 - ERROR - Failed to clean and parse JSON: Expecting property name enclosed in double quotes: line 2 column 1 (char 2)
2025-07-02 15:00:02,663 - ERROR - Failed to clean/parse JSON properly
2025-07-02 15:00:02,663 - INFO - Falling back to default roadmap
2025-07-02 15:00:02,714 - INFO - Endpoint: /api/roadmap/ | Method: POST | Duration: 44.455791s | Status: 200
2025-07-02 15:01:45,557 - INFO - C:\Users\Naman Sharma\Documents\codeweave\cw_webapp\api\views.py changed, reloading.
2025-07-02 15:07:22,914 - INFO - Starting roadmap generation for prompt: a game similar to clash royale
2025-07-02 15:07:22,916 - INFO - Initializing generative model: models/gemini-2.5-flash-preview-05-20
2025-07-02 15:07:22,916 - INFO - Model initialized. Generating content...
2025-07-02 15:08:06,432 - INFO - Model response received.
2025-07-02 15:08:06,432 - ERROR - Problematic cleaned JSON string: {
{
{
{
{
{
{
{
{
{
{
{
{
{
{
{
{
{
{
{
{
{
{
{
{
{
{
{
{
{
{
{
{
...
2025-07-02 15:08:06,432 - ERROR - Failed to clean and parse JSON: Expecting property name enclosed in double quotes: line 2 column 1 (char 2)
2025-07-02 15:08:06,432 - ERROR - Failed to clean/parse JSON properly
2025-07-02 15:08:06,432 - INFO - Falling back to default roadmap
2025-07-02 15:08:06,479 - INFO - Endpoint: /api/roadmap/ | Method: POST | Duration: 43.565113s | Status: 200
2025-07-02 15:12:33,567 - INFO - Starting roadmap generation for prompt: blockchain based chrome like browser
2025-07-02 15:12:33,567 - INFO - Initializing generative model: models/gemini-2.5-flash-preview-05-20
2025-07-02 15:12:33,569 - INFO - Model initialized. Generating content...
2025-07-02 15:13:23,953 - INFO - Model response received.
2025-07-02 15:13:23,953 - ERROR - Error generating roadmap: Invalid operation: The `response.text` quick accessor requires the response to contain a valid `Part`, but none were returned. The candidate's [finish_reason](https://ai.google.dev/api/generate-content#finishreason) is 2.
2025-07-02 15:13:23,993 - INFO - Endpoint: /api/roadmap/ | Method: POST | Duration: 50.425323s | Status: 200
2025-07-02 15:15:16,148 - INFO - Starting roadmap generation for prompt: blockchain based chrome like browser
2025-07-02 15:15:16,148 - INFO - Initializing generative model: models/gemini-2.5-flash-preview-05-20
2025-07-02 15:15:16,148 - INFO - Model initialized. Generating content...
2025-07-02 15:16:02,733 - INFO - Model response received.
2025-07-02 15:16:02,737 - ERROR - Problematic cleaned JSON string: {
{
{
{
{
{
{
{
{
{
{
{
{
{
{
{
{
{
{
{
{
{
{
{
{
{
{
{
{
{
{
{
{
{
{
{
...
2025-07-02 15:16:02,738 - ERROR - Failed to clean and parse JSON: Expecting property name enclosed in double quotes: line 2 column 1 (char 2)
2025-07-02 15:16:02,739 - ERROR - Failed to clean/parse JSON properly
2025-07-02 15:16:02,739 - INFO - Falling back to default roadmap
2025-07-02 15:16:02,781 - INFO - Endpoint: /api/roadmap/ | Method: POST | Duration: 46.63346s | Status: 200
2025-07-02 15:18:16,121 - INFO - C:\Users\Naman Sharma\Documents\codeweave\cw_webapp\api\views.py changed, reloading.
2025-07-02 15:18:58,242 - WARNING - Not Found: /favicon.ico
2025-07-02 15:19:02,829 - INFO - Starting roadmap generation for prompt: blockchain based chrome like browser
2025-07-02 15:19:02,832 - INFO - Initializing generative model: models/gemini-2.5-flash-preview-05-20
2025-07-02 15:19:02,832 - INFO - Model initialized. Generating content...
2025-07-02 15:19:41,672 - INFO - Model response received.
2025-07-02 15:19:41,674 - INFO - JSON parsed successfully.
2025-07-02 15:19:41,674 - INFO - Roadmap generation completed successfully
2025-07-02 15:19:41,710 - INFO - Endpoint: /api/roadmap/ | Method: POST | Duration: 38.881056s | Status: 200
2025-07-05 15:58:02,605 - WARNING - Not Found: /favicon.ico
2025-07-05 15:58:47,470 - INFO - Starting roadmap generation for prompt: instagram clone based on blockchain tech
2025-07-05 15:58:47,470 - INFO - Initializing generative model: models/gemini-2.5-flash-preview-05-20
2025-07-05 15:58:47,470 - INFO - Model initialized. Generating content...
2025-07-05 15:59:34,409 - INFO - Model response received.
2025-07-05 15:59:34,409 - ERROR - Failed to clean and parse JSON: Expecting ',' delimiter: line 502 column 14 (char 36579)
2025-07-05 15:59:34,409 - ERROR - Failed to clean/parse JSON properly
2025-07-05 15:59:34,409 - INFO - Falling back to default roadmap
2025-07-05 15:59:34,448 - INFO - Endpoint: /api/roadmap/ | Method: POST | Duration: 46.978054s | Status: 200
2025-07-05 16:48:45,107 - INFO - C:\Users\Naman Sharma\Documents\codeweave\cw_webapp\api\views.py changed, reloading.
2025-07-05 16:54:16,870 - INFO - Starting roadmap generation for prompt: instagram clone based on blockchain tech
2025-07-05 16:54:16,873 - INFO - Initializing generative model: models/gemini-2.5-flash-preview-05-20
2025-07-05 16:54:16,873 - INFO - Model initialized. Generating content...
2025-07-05 16:54:58,045 - INFO - Model response received.
2025-07-05 16:54:58,704 - INFO - JSON parsed successfully.
2025-07-05 16:54:58,704 - INFO - Roadmap generation completed successfully
2025-07-05 16:54:58,753 - INFO - Endpoint: /api/roadmap/ | Method: POST | Duration: 41.882927s | Status: 200
2025-07-05 16:56:05,495 - INFO - Starting roadmap generation for prompt: a game based on Lord of the Mysteries
2025-07-05 16:56:05,497 - INFO - Initializing generative model: models/gemini-2.5-flash-preview-05-20
2025-07-05 16:56:05,497 - INFO - Model initialized. Generating content...
2025-07-05 16:56:55,108 - INFO - Model response received.
2025-07-05 16:56:55,741 - ERROR - Failed to clean and parse JSON: <string>:504 Unexpected end of input at column 18
2025-07-05 16:56:55,741 - ERROR - Failed to clean/parse JSON properly
2025-07-05 16:56:55,741 - INFO - Falling back to default roadmap
2025-07-05 16:56:55,807 - INFO - Endpoint: /api/roadmap/ | Method: POST | Duration: 50.312335s | Status: 200
2025-07-05 17:00:39,257 - INFO - Starting roadmap generation for prompt: a stable web browser like opera gx with integrated ai features
2025-07-05 17:00:39,258 - INFO - Initializing generative model: models/gemini-2.5-flash-preview-05-20
2025-07-05 17:00:39,259 - INFO - Model initialized. Generating content...
2025-07-05 17:01:21,765 - INFO - Model response received.
2025-07-05 17:01:21,912 - ERROR - Failed to clean and parse JSON: <string>:342 Unexpected end of input at column 18
2025-07-05 17:01:21,912 - ERROR - Failed to clean/parse JSON properly
2025-07-05 17:01:21,913 - INFO - Falling back to default roadmap
2025-07-05 17:01:21,932 - INFO - Endpoint: /api/roadmap/ | Method: POST | Duration: 42.674849s | Status: 200
2025-07-05 17:02:41,786 - INFO - Starting roadmap generation for prompt: Build a task management web application with features like user login, project boards, task cards, and deadlines.

2025-07-05 17:02:41,786 - INFO - Initializing generative model: models/gemini-2.5-flash-preview-05-20
2025-07-05 17:02:41,787 - INFO - Model initialized. Generating content...
2025-07-05 17:03:21,598 - INFO - Model response received.
2025-07-05 17:03:21,847 - ERROR - Failed to clean and parse JSON: <string>:282 Unexpected end of input at column 10
2025-07-05 17:03:21,848 - ERROR - Failed to clean/parse JSON properly
2025-07-05 17:03:21,848 - INFO - Falling back to default roadmap
2025-07-05 17:03:21,890 - INFO - Endpoint: /api/roadmap/ | Method: POST | Duration: 40.104655s | Status: 200
2025-07-05 17:05:19,070 - INFO - C:\Users\Naman Sharma\Documents\codeweave\cw_webapp\api\views.py changed, reloading.
2025-07-05 17:05:55,080 - INFO - C:\Users\Naman Sharma\Documents\codeweave\cw_webapp\api\views.py changed, reloading.
2025-07-05 17:06:30,718 - INFO - C:\Users\Naman Sharma\Documents\codeweave\cw_webapp\api\views.py changed, reloading.
2025-07-05 17:07:57,738 - INFO - Starting roadmap generation for prompt: Build a task management web application with features like user login, project boards, task cards, and deadlines.

2025-07-05 17:07:57,740 - INFO - Initializing generative model: models/gemini-2.5-flash-preview-05-20
2025-07-05 17:07:57,740 - INFO - Model initialized. Generating content...
2025-07-05 17:08:39,487 - INFO - Model response received.
2025-07-05 17:08:39,703 - ERROR - Failed to clean and parse JSON: <string>:369 Unexpected end of input at column 18
2025-07-05 17:08:39,704 - ERROR - Failed to clean/parse JSON properly
2025-07-05 17:08:39,704 - INFO - Falling back to default roadmap
2025-07-05 17:08:39,731 - INFO - Endpoint: /api/roadmap/ | Method: POST | Duration: 41.992166s | Status: 200
2025-07-05 17:11:11,972 - INFO - C:\Users\Naman Sharma\Documents\codeweave\cw_webapp\api\views.py changed, reloading.
2025-07-05 17:11:20,471 - INFO - C:\Users\Naman Sharma\Documents\codeweave\cw_webapp\api\views.py changed, reloading.
2025-07-05 17:12:26,886 - INFO - C:\Users\Naman Sharma\Documents\codeweave\cw_webapp\api\views.py changed, reloading.
2025-07-05 17:15:28,416 - INFO - C:\Users\Naman Sharma\Documents\codeweave\cw_webapp\api\views.py changed, reloading.
2025-07-05 17:16:00,351 - INFO - C:\Users\Naman Sharma\Documents\codeweave\cw_webapp\api\views.py changed, reloading.
2025-07-05 17:17:17,790 - WARNING - Not Found: /favicon.ico
2025-07-05 17:17:20,259 - INFO - Starting roadmap generation for prompt: Build a task management web application with features like user login, project boards, task cards, and deadlines.

2025-07-05 17:17:20,260 - INFO - Initializing generative model: models/gemini-2.5-flash-preview-05-20
2025-07-05 17:17:20,261 - INFO - Model initialized. Generating content...
2025-07-05 17:18:01,842 - INFO - Model response received.
2025-07-05 17:18:02,377 - INFO - JSON parsed successfully.
2025-07-05 17:18:02,378 - INFO - Roadmap generation completed successfully
2025-07-05 17:18:02,428 - INFO - Endpoint: /api/roadmap/ | Method: POST | Duration: 42.169289s | Status: 200
2025-07-05 17:18:55,274 - INFO - Starting roadmap generation for prompt: Build a personal finance tracker with expense categorization, monthly budgeting, charts, and recurring reminders.

2025-07-05 17:18:55,275 - INFO - Initializing generative model: models/gemini-2.5-flash-preview-05-20
2025-07-05 17:18:55,276 - INFO - Model initialized. Generating content...
2025-07-05 17:19:34,562 - INFO - Model response received.
2025-07-05 17:19:34,745 - INFO - JSON parsed successfully.
2025-07-05 17:19:34,745 - INFO - Roadmap generation completed successfully
2025-07-05 17:19:34,766 - INFO - Endpoint: /api/roadmap/ | Method: POST | Duration: 39.492214s | Status: 200
2025-07-05 17:20:33,211 - INFO - Starting roadmap generation for prompt: Design a collaborative note-taking web app with real-time syncing, Markdown support, user sharing, and offline mode.

2025-07-05 17:20:33,212 - INFO - Initializing generative model: models/gemini-2.5-flash-preview-05-20
2025-07-05 17:20:33,212 - INFO - Model initialized. Generating content...
2025-07-05 17:21:16,295 - INFO - Model response received.
2025-07-05 17:21:16,706 - ERROR - Failed to clean and parse JSON: <string>:343 Unexpected end of input at column 18
2025-07-05 17:21:16,707 - WARNING - Initial parse failed. Retrying with simplified prompt...
2025-07-05 17:21:22,225 - INFO - Retry succeeded. JSON parsed.
2025-07-05 17:21:22,229 - ERROR - Error in generate_roadmap_view: 'project_overview'
2025-07-05 17:21:22,229 - INFO - Endpoint: /api/roadmap/ | Method: POST | Duration: 49.017476s | Status: 500
2025-07-05 17:21:22,230 - ERROR - Internal Server Error: /api/roadmap/
2025-07-05 17:23:25,139 - INFO - C:\Users\Naman Sharma\Documents\codeweave\cw_webapp\api\views.py changed, reloading.
2025-07-05 17:24:59,473 - INFO - C:\Users\Naman Sharma\Documents\codeweave\cw_webapp\api\views.py changed, reloading.
2025-07-05 17:25:15,243 - INFO - C:\Users\Naman Sharma\Documents\codeweave\cw_webapp\api\views.py changed, reloading.
2025-07-05 17:25:43,854 - INFO - Starting roadmap generation for prompt: Design a collaborative note-taking web app with real-time syncing, Markdown support, user sharing, and offline mode.

2025-07-05 17:25:43,855 - INFO - Initializing generative model: models/gemini-2.5-flash-preview-05-20
2025-07-05 17:25:43,855 - INFO - Model initialized. Generating content...
2025-07-05 17:26:24,922 - INFO - Model response received.
2025-07-05 17:26:24,923 - ERROR - Error generating roadmap: Invalid operation: The `response.text` quick accessor requires the response to contain a valid `Part`, but none were returned. The candidate's [finish_reason](https://ai.google.dev/api/generate-content#finishreason) is 2.
2025-07-05 17:26:24,966 - INFO - Endpoint: /api/roadmap/ | Method: POST | Duration: 41.112877s | Status: 200
2025-07-05 17:27:56,305 - INFO - C:\Users\Naman Sharma\Documents\codeweave\cw_webapp\api\views.py changed, reloading.
2025-07-05 17:28:41,937 - INFO - Starting roadmap generation for prompt: Design a collaborative note-taking web app with real-time syncing, Markdown support, user sharing, and offline mode.
2025-07-05 17:28:41,939 - INFO - Initializing generative model: models/gemini-2.5-flash-preview-05-20
2025-07-05 17:28:41,940 - INFO - Model initialized. Generating content...
2025-07-05 17:29:26,208 - INFO - Model response received.
2025-07-05 17:29:26,647 - ERROR - Failed to clean and parse JSON: <string>:338 Unexpected end of input at column 18
2025-07-05 17:29:26,648 - WARNING - Initial parse failed. Retrying with simplified prompt...
2025-07-05 17:29:32,847 - INFO - Retry succeeded. JSON parsed.
2025-07-05 17:29:32,848 - ERROR - Retry returned invalid roadmap structure.
2025-07-05 17:29:32,848 - INFO - Falling back to default roadmap after retry
2025-07-05 17:29:32,893 - INFO - Endpoint: /api/roadmap/ | Method: POST | Duration: 50.957458s | Status: 200
2025-07-05 17:31:16,960 - INFO - C:\Users\Naman Sharma\Documents\codeweave\cw_webapp\api\views.py changed, reloading.
2025-07-05 17:31:29,439 - INFO - C:\Users\Naman Sharma\Documents\codeweave\cw_webapp\api\views.py changed, reloading.
2025-07-05 17:32:10,501 - INFO - C:\Users\Naman Sharma\Documents\codeweave\cw_webapp\api\views.py changed, reloading.
2025-07-05 17:32:36,639 - INFO - Starting roadmap generation for prompt: Design a collaborative note-taking web app with real-time syncing, Markdown support, user sharing, and offline mode.

2025-07-05 17:32:36,641 - INFO - Initializing generative model: models/gemini-2.5-flash-preview-05-20
2025-07-05 17:32:36,642 - INFO - Model initialized. Generating content...
2025-07-05 17:33:21,095 - INFO - Model response received.
2025-07-05 17:33:21,275 - ERROR - Failed to clean and parse JSON: <string>:385 Unexpected end of input at column 18
2025-07-05 17:33:21,275 - WARNING - Initial parse failed. Retrying with simplified prompt...
2025-07-05 17:33:21,276 - ERROR - Error processing response: [Errno 2] No such file or directory: 'logs/invalid_retry_output.json'
2025-07-05 17:33:21,307 - INFO - Endpoint: /api/roadmap/ | Method: POST | Duration: 44.66875s | Status: 200
2025-07-05 17:35:23,596 - INFO - C:\Users\Naman Sharma\Documents\codeweave\cw_webapp\api\views.py changed, reloading.
2025-07-05 17:35:47,815 - INFO - Starting roadmap generation for prompt: Design a collaborative note-taking web app with real-time syncing, Markdown support, user sharing, and offline mode.

2025-07-05 17:35:47,817 - INFO - Initializing generative model: models/gemini-2.5-flash-preview-05-20
2025-07-05 17:35:47,817 - INFO - Model initialized. Generating content...
2025-07-05 17:36:25,712 - INFO - Model response received.
2025-07-05 17:36:26,168 - INFO - JSON parsed successfully.
2025-07-05 17:36:26,168 - INFO - Roadmap generation completed successfully
2025-07-05 17:36:26,219 - INFO - Endpoint: /api/roadmap/ | Method: POST | Duration: 38.405015s | Status: 200
2025-07-05 17:37:29,806 - INFO - Starting roadmap generation for prompt: Develop a fitness tracking mobile app with workout logging, step counting, goal setting, and data visualization.

2025-07-05 17:37:29,807 - INFO - Initializing generative model: models/gemini-2.5-flash-preview-05-20
2025-07-05 17:37:29,807 - INFO - Model initialized. Generating content...
2025-07-05 17:38:08,400 - INFO - Model response received.
2025-07-05 17:38:08,834 - INFO - JSON parsed successfully.
2025-07-05 17:38:08,835 - INFO - Roadmap generation completed successfully
2025-07-05 17:38:08,879 - INFO - Endpoint: /api/roadmap/ | Method: POST | Duration: 39.07403s | Status: 200
2025-07-05 17:47:15,486 - INFO - C:\Users\Naman Sharma\Documents\codeweave\cw_webapp\api\views.py changed, reloading.
2025-07-05 17:47:43,156 - INFO - Starting roadmap generation for prompt: Build a ride-sharing mobile app with real-time tracking, booking, and payment integration.

2025-07-05 17:47:43,158 - INFO - Initializing generative model: models/gemini-2.5-flash-preview-05-20
2025-07-05 17:47:43,159 - INFO - Model initialized. Generating content...
2025-07-05 17:48:13,196 - INFO - Model response received.
2025-07-05 17:48:13,465 - INFO - JSON parsed successfully.
2025-07-05 17:48:13,465 - INFO - Roadmap generation completed successfully
2025-07-05 17:48:13,512 - INFO - Endpoint: /api/roadmap/ | Method: POST | Duration: 30.357489s | Status: 200
2025-07-05 17:48:53,122 - INFO - Starting roadmap generation for prompt: Build a ride-sharing mobile app with real-time tracking, booking, and payment integration.

2025-07-05 17:48:53,122 - INFO - Returning cached roadmap for prompt: Build a ride-sharing mobile app with real-time tracking, booking, and payment integration.

2025-07-05 17:48:53,167 - INFO - Endpoint: /api/roadmap/ | Method: POST | Duration: 0.046673s | Status: 200
2025-07-05 17:48:56,795 - INFO - Starting roadmap generation for prompt: Build a ride-sharing mobile app with real-time tracking, booking, and payment integration.

2025-07-05 17:48:56,797 - INFO - Returning cached roadmap for prompt: Build a ride-sharing mobile app with real-time tracking, booking, and payment integration.

2025-07-05 17:48:56,865 - INFO - Endpoint: /api/roadmap/ | Method: POST | Duration: 0.069433s | Status: 200
2025-07-05 17:49:16,921 - INFO - Starting roadmap generation for prompt: Build a ride-sharing mobile app with real-time tracking, booking, and payment integration.

2025-07-05 17:49:16,924 - INFO - Initializing generative model: models/gemini-2.5-flash-preview-05-20
2025-07-05 17:49:16,924 - INFO - Model initialized. Generating content...
2025-07-05 17:49:46,867 - INFO - Model response received.
2025-07-05 17:49:46,977 - INFO - JSON parsed successfully.
2025-07-05 17:49:46,978 - INFO - Roadmap generation completed successfully
2025-07-05 17:49:47,000 - INFO - Endpoint: /api/roadmap/ | Method: POST | Duration: 30.079675s | Status: 200
2025-07-05 17:54:20,222 - ERROR - Invalid HTTP_HOST header: 'localhost:8000'. You may need to add 'localhost' to ALLOWED_HOSTS.
Traceback (most recent call last):
  File "C:\Users\Naman Sharma\Documents\codeweave\env\Lib\site-packages\django\core\handlers\exception.py", line 55, in inner
    response = get_response(request)
               ^^^^^^^^^^^^^^^^^^^^^
  File "C:\Users\Naman Sharma\Documents\codeweave\env\Lib\site-packages\django\utils\deprecation.py", line 119, in __call__
    response = self.process_request(request)
               ^^^^^^^^^^^^^^^^^^^^^^^^^^^^^
  File "C:\Users\Naman Sharma\Documents\codeweave\env\Lib\site-packages\django\middleware\common.py", line 48, in process_request
    host = request.get_host()
           ^^^^^^^^^^^^^^^^^^
  File "C:\Users\Naman Sharma\Documents\codeweave\env\Lib\site-packages\django\http\request.py", line 186, in get_host
    raise DisallowedHost(msg)
django.core.exceptions.DisallowedHost: Invalid HTTP_HOST header: 'localhost:8000'. You may need to add 'localhost' to ALLOWED_HOSTS.
2025-07-05 17:54:20,405 - WARNING - Bad Request: /api/roadmap/
2025-07-05 17:59:29,455 - INFO - C:\Users\Naman Sharma\Documents\codeweave\cw_webapp\auth_system\settings.py changed, reloading.
2025-07-05 17:59:39,680 - INFO - C:\Users\Naman Sharma\Documents\codeweave\cw_webapp\auth_system\settings.py changed, reloading.
2025-07-05 18:00:12,356 - WARNING - Method Not Allowed (OPTIONS): /api/roadmap/
2025-07-05 18:14:28,466 - INFO - C:\Users\Naman Sharma\Documents\codeweave\cw_webapp\auth_system\settings.py changed, reloading.
2025-07-05 18:14:55,875 - INFO - C:\Users\Naman Sharma\Documents\codeweave\cw_webapp\auth_system\settings.py changed, reloading.
2025-07-05 18:15:11,399 - INFO - C:\Users\Naman Sharma\Documents\codeweave\cw_webapp\auth_system\settings.py changed, reloading.
2025-07-05 18:15:33,130 - INFO - Starting roadmap generation for prompt: Build a ride-sharing mobile app with real-time tracking, booking, and payment integration.

2025-07-05 18:15:33,131 - INFO - Initializing generative model: models/gemini-2.5-flash-preview-05-20
2025-07-05 18:15:33,132 - INFO - Model initialized. Generating content...
2025-07-05 18:16:23,580 - INFO - Model response received.
2025-07-05 18:16:23,646 - ERROR - Failed to clean and parse JSON: <string>:182 Unexpected end of input at column 10
2025-07-05 18:16:23,646 - WARNING - Initial parse failed. Retrying with simplified prompt...
2025-07-05 18:16:32,252 - INFO - Retry succeeded. JSON parsed.
2025-07-05 18:16:32,252 - ERROR - Error in generate_roadmap_view: string indices must be integers, not 'str'
2025-07-05 18:16:32,252 - INFO - Endpoint: /api/roadmap/ | Method: POST | Duration: 59.122067s | Status: 500
2025-07-05 18:16:32,253 - ERROR - Internal Server Error: /api/roadmap/
2025-07-05 18:26:15,253 - INFO - C:\Users\Naman Sharma\Documents\codeweave\cw_webapp\api\views.py changed, reloading.
2025-07-05 18:26:34,011 - INFO - Starting roadmap generation for prompt: Build a ride-sharing mobile app with real-time tracking, booking, and payment integration.

2025-07-05 18:26:34,013 - INFO - Initializing generative model: models/gemini-2.5-flash-preview-05-20
2025-07-05 18:26:34,014 - INFO - Model initialized. Generating content...
2025-07-05 18:27:03,847 - INFO - Model response received.
2025-07-05 18:27:04,117 - INFO - JSON parsed successfully.
2025-07-05 18:27:04,118 - INFO - Roadmap generation completed successfully
2025-07-05 18:27:04,158 - INFO - Endpoint: /api/roadmap/ | Method: POST | Duration: 30.146793s | Status: 200
2025-07-05 18:28:26,943 - INFO - Starting roadmap generation for prompt: Build a ride-sharing mobile app with real-time tracking, booking, and payment integration.

2025-07-05 18:28:26,943 - INFO - Initializing generative model: models/gemini-2.5-flash-preview-05-20
2025-07-05 18:28:26,944 - INFO - Model initialized. Generating content...
2025-07-05 18:28:55,198 - INFO - Model response received.
2025-07-05 18:28:55,319 - INFO - JSON parsed successfully.
2025-07-05 18:28:55,319 - INFO - Roadmap generation completed successfully
2025-07-05 18:28:55,345 - INFO - Endpoint: /api/roadmap/ | Method: POST | Duration: 28.402608s | Status: 200
2025-07-05 18:32:35,735 - INFO - Starting roadmap generation for prompt: Build a ride-sharing mobile app with real-time tracking, booking, and payment integration.

2025-07-05 18:32:35,736 - INFO - Initializing generative model: models/gemini-2.5-flash-preview-05-20
2025-07-05 18:32:35,737 - INFO - Model initialized. Generating content...
2025-07-05 18:33:00,446 - INFO - Model response received.
2025-07-05 18:33:00,744 - INFO - JSON parsed successfully.
2025-07-05 18:33:00,745 - INFO - Roadmap generation completed successfully
2025-07-05 18:33:00,802 - INFO - Endpoint: /api/roadmap/ | Method: POST | Duration: 25.068943s | Status: 200
2025-07-05 18:33:33,827 - INFO - Starting roadmap generation for prompt: Build a ride-sharing mobile app with real-time tracking, booking, and payment integration.

2025-07-05 18:33:33,827 - INFO - Returning cached roadmap for prompt: Build a ride-sharing mobile app with real-time tracking, booking, and payment integration.

2025-07-05 18:33:33,856 - INFO - Endpoint: /api/roadmap/ | Method: POST | Duration: 0.028611s | Status: 200
2025-07-05 18:34:33,440 - INFO - Starting roadmap generation for prompt: Build a ride-sharing mobile app with real-time tracking, booking, and payment integration.

2025-07-05 18:34:33,441 - INFO - Returning cached roadmap for prompt: Build a ride-sharing mobile app with real-time tracking, booking, and payment integration.

2025-07-05 18:34:33,471 - INFO - Endpoint: /api/roadmap/ | Method: POST | Duration: 0.030467s | Status: 200
2025-07-05 18:34:50,609 - INFO - Starting roadmap generation for prompt: Build a ride-sharing mobile app with real-time tracking, booking, and payment integration.

2025-07-05 18:34:50,610 - INFO - Returning cached roadmap for prompt: Build a ride-sharing mobile app with real-time tracking, booking, and payment integration.

2025-07-05 18:34:50,632 - INFO - Endpoint: /api/roadmap/ | Method: POST | Duration: 0.023s | Status: 200
2025-07-05 18:41:15,536 - INFO - Starting roadmap generation for prompt: Build a ride-sharing mobile app with real-time tracking, booking, and payment integration.

2025-07-05 18:41:15,537 - INFO - Initializing generative model: models/gemini-2.5-flash-preview-05-20
2025-07-05 18:41:15,538 - INFO - Model initialized. Generating content...
2025-07-05 18:41:44,553 - INFO - Model response received.
2025-07-05 18:41:44,656 - INFO - JSON parsed successfully.
2025-07-05 18:41:44,656 - INFO - Roadmap generation completed successfully
2025-07-05 18:41:44,683 - INFO - Endpoint: /api/roadmap/ | Method: POST | Duration: 29.146506s | Status: 200
2025-07-05 18:44:35,310 - INFO - C:\Users\Naman Sharma\Documents\codeweave\cw_webapp\auth_system\settings.py changed, reloading.
2025-07-05 18:49:34,644 - INFO - C:\Users\Naman Sharma\Documents\codeweave\cw_webapp\auth_system\settings.py changed, reloading.
2025-07-05 18:49:42,815 - INFO - C:\Users\Naman Sharma\Documents\codeweave\cw_webapp\auth_system\settings.py changed, reloading.
2025-07-05 18:50:01,205 - INFO - C:\Users\Naman Sharma\Documents\codeweave\cw_webapp\auth_system\settings.py changed, reloading.
2025-07-05 18:50:17,781 - INFO - C:\Users\Naman Sharma\Documents\codeweave\cw_webapp\auth_system\settings.py changed, reloading.
2025-07-05 18:51:43,969 - WARNING - Not Found: /favicon.ico
2025-07-05 18:51:46,257 - INFO - Starting roadmap generation for prompt: "Develop a full-stack e-commerce platform with user authentication, product listing, shopping cart, order management, and payment gateway integration."
2025-07-05 18:51:46,259 - INFO - Initializing generative model: models/gemini-2.5-flash-preview-05-20
2025-07-05 18:51:46,260 - INFO - Model initialized. Generating content...
2025-07-05 18:52:12,942 - INFO - Model response received.
2025-07-05 18:52:13,228 - INFO - JSON parsed successfully.
2025-07-05 18:52:13,229 - INFO - Roadmap generation completed successfully
2025-07-05 18:52:13,270 - INFO - Endpoint: /api/roadmap/ | Method: POST | Duration: 27.013454s | Status: 200
2025-07-05 18:54:01,466 - INFO - Starting roadmap generation for prompt: "Build a SaaS-based note-taking platform with rich-text editing, cloud sync, user authentication, team collaboration, and version history tracking."
2025-07-05 18:54:01,467 - INFO - Initializing generative model: models/gemini-2.5-flash-preview-05-20
2025-07-05 18:54:01,467 - INFO - Model initialized. Generating content...
2025-07-05 18:54:30,086 - INFO - Model response received.
2025-07-05 18:54:30,318 - INFO - JSON parsed successfully.
2025-07-05 18:54:30,319 - INFO - Roadmap generation completed successfully
2025-07-05 18:54:30,359 - INFO - Endpoint: /api/roadmap/ | Method: POST | Duration: 28.893086s | Status: 200
